artist_id, tag
ARBFQ7L1187B9ACD48, classic pop and rock
ARBFQ7L1187B9ACD48, amÇricain
ARBFQ7L1187B9ACD48, usa
ARBGWMW1187B9AEA3E, australian
ARBGWMW1187B9AEA3E, pop
ARBGWMW1187B9AEA3E, soft rock
ARBGWMW1187B9AEA3E, duo
ARBGWMW1187B9AEA3E, classic pop and rock
ARBGWMW1187B9AEA3E, rock
ARBGWMW1187B9AEA3E, melodic rock
ARBH0MS1187FB36311, conductor
ARBJSO81187B9BA09B, rock en espanol
ARBJSO81187B9BA09B, rock
ARBJSO81187B9BA09B, latin
ARBJSO81187B9BA09B, dinamo
ARBM4TC1187FB5CE98, jazz and blues
ARBM57Q1187B9AF97C, soundtrack
ARBM57Q1187B9AF97C, classical
ARBM57Q1187B9AF97C, contemporary classical
ARBM57Q1187B9AF97C, american
ARBM57Q1187B9AF97C, easy listening soundtracks and musicals
ARBNXYA1187FB51C50, hip hop rnb and dance hall
ARBOG0H1187B99F775, punk rock
ARBOG0H1187B99F775, rock
ARBOG0H1187B99F775, american
ARBOG0H1187B99F775, pop punk
ARBOG0H1187B99F775, punk
ARBOG0H1187B99F775, usa
ARBOG0H1187B99F775, christian punk
ARBOG0H1187B99F775, alt punk
ARBPXW61187B99D5D9, folk
ARBQBZV1187B99D29E, uk
ARBQBZV1187B99D29E, english
ARBQBZV1187B99D29E, british
ARBQPXY1187B98D67B, folk
ARBS1OC1187FB44CAF, hip hop rnb and dance hall
ARBV2AK1187FB5BA33, classic pop and rock
ARBV8MP1187B9B60B1, finnish
ARBVHDI1187FB436DF, sludge metal
ARBXIDR1187B9AB77E, dance and electronica
ARBXIDR1187B9AB77E, france
ARBXVFV1187B99AA63, hard rock
ARBXVFV1187B99AA63, rock
ARBYFR71187B99A2A4, folk
ARC0MTS1187FB44C21, guitarist
ARC0MTS1187FB44C21, harmonicist
ARC0MTS1187FB44C21, jazz
ARC0MTS1187FB44C21, belgian
ARC0MTS1187FB44C21, whistler
ARC5Q0L1187B98D463, folk
ARC6UC81187B989062, country
ARC6UC81187B989062, folk
ARC7C241187B990F7F, metal
ARC7C241187B990F7F, christian
ARC8CQZ1187B98DECA, folk
ARC8CQZ1187B98DECA, soft rock
ARC8CQZ1187B98DECA, acoustic
ARC8CQZ1187B98DECA, rock
ARC8CQZ1187B98DECA, american
ARC8CQZ1187B98DECA, surf
ARC8CQZ1187B98DECA, pop and chart
ARCE0H01187B9AF741, funk metal
ARCE0H01187B9AF741, alternative rock
ARCE0H01187B9AF741, alternative metal
ARCE0H01187B9AF741, rapcore
ARCE0H01187B9AF741, rock
ARCE0H01187B9AF741, metal
ARCE0H01187B9AF741, american
ARCE0H01187B9AF741, rock and indie
ARCE0H01187B9AF741, political
ARCE0H01187B9AF741, angry
ARCEEC91187B9AC4FB, soul and reggae
ARCEEC91187B9AC4FB, freestyle
ARCEEC91187B9AC4FB, dance
ARCEEC91187B9AC4FB, pop
ARCEEC91187B9AC4FB, 80s
ARCEOW71187B9A5A71, classic pop and rock
ARCF06I1187B995398, hip-hop
ARCF06I1187B995398, canadian hip-hop
ARCF06I1187B995398, alternative rap
ARCF06I1187B995398, canada
ARCF06I1187B995398, canadian
ARCF06I1187B995398, singer
ARCF06I1187B995398, rapper
ARCF06I1187B995398, hip hop
ARCF06I1187B995398, producer
ARCFOZ71187FB43A0D, durban
ARCFOZ71187FB43A0D, south africa
ARCGJ6U1187FB4D01F, hip hop rnb and dance hall
ARCGJ6U1187FB4D01F, dangerous
ARCH7RE1187FB5B1B9, folk
ARCHKD91187B9A0A42, phil spector
ARCHKD91187B9A0A42, american
ARCHKD91187B9A0A42, pop
ARCHKD91187B9A0A42, rock and indie
ARCJKV91187FB46210, uk
ARCJKV91187FB46210, scottish
ARCJKV91187FB46210, british
ARCJKV91187FB46210, pop and chart
ARCJKV91187FB46210, folk
ARCK6OL1187B99B25F, american
ARCLFWR1187B9AE7B2, rock and indie
ARCLJQZ11E2835CE37, folk
ARCNOK81187B98CA3F, reggae
ARCNOK81187B98CA3F, dancehall
ARCNOK81187B98CA3F, jamaican
ARCNOK81187B98CA3F, soul and reggae
ARCQCYR1187B99367F, folk
ARCRR5X1187FB3BD4A, taiwanese
ARCRR5X1187FB3BD4A, mandarin
ARCRR5X1187FB3BD4A, chinese
ARCT2BM1187FB3D02A, punjabi
ARCT2BM1187FB3D02A, bhangra
ARCT2BM1187FB3D02A, ??????
ARCT2BM1187FB3D02A, ?????
ARCT5P61187FB3D950, rock and indie
ARCYE581187B9A1482, german
ARCZ20M1187FB49687, country
ARD0FN11187B9B25CD, american
ARD0FN11187B9B25CD, rock
ARD0FN11187B9B25CD, big band
ARD0FN11187B9B25CD, pop
ARD0FN11187B9B25CD, rock and roll
ARD0FN11187B9B25CD, easy listening soundtracks and musicals
ARD0FN11187B9B25CD, folk
ARD2NDU1187B99B615, folk punk
ARD2NDU1187B99B615, celtic punk
ARD2NDU1187B99B615, punk
ARD2NDU1187B99B615, usa
ARD3LXU1187B9ABFC5, british
ARD3LXU1187B9ABFC5, punk rock
ARD3LXU1187B9ABFC5, uk
ARD3LXU1187B9ABFC5, london
ARD3LXU1187B9ABFC5, england
ARD3LXU1187B9ABFC5, english
ARD3LXU1187B9ABFC5, britannique
ARD3LXU1187B9ABFC5, classic pop and rock
ARD3LXU1187B9ABFC5, rock
ARD3LXU1187B9ABFC5, punk
ARD4C1I1187FB4B0C3, progressive rock
ARD4C1I1187FB4B0C3, british
ARD4C1I1187FB4B0C3, rock
ARD4C1I1187FB4B0C3, uk
ARD4C1I1187FB4B0C3, psychedelic rock
ARD4C1I1187FB4B0C3, classic pop and rock
ARD4C1I1187FB4B0C3, space rock
ARD4C1I1187FB4B0C3, britannique
ARD4C1I1187FB4B0C3, art rock
ARD4C1I1187FB4B0C3, roger waters
ARD4C1I1187FB4B0C3, classic rock
ARD4C1I1187FB4B0C3, english
ARD4KNM1187FB3626A, dubtronica
ARD4KNM1187FB3626A, fusion
ARD4KNM1187FB3626A, bass
ARD4KNM1187FB3626A, idm
ARD4KNM1187FB3626A, world
ARD4KNM1187FB3626A, rottun
ARD4KNM1187FB3626A, interchill
ARD4KNM1187FB3626A, psydub
ARD4KNM1187FB3626A, dub
ARD4KNM1187FB3626A, dubstep
ARD4KNM1187FB3626A, chillout
ARD4KNM1187FB3626A, electronica
ARD4KNM1187FB3626A, electronic
ARD5K161187B9AC784, british
ARD5K161187B9AC784, english
ARD5K161187B9AC784, sevenoaks
ARD5K161187B9AC784, house
ARD5K161187B9AC784, techno
ARD5K161187B9AC784, electronica
ARD5K161187B9AC784, electronic
ARD5K161187B9AC784, ambient techno
ARD5K161187B9AC784, uk
ARD5K161187B9AC784, dance and electronica
ARD5SR21187B9B5F4A, finnish
ARD6L7O1187B995ADA, jazz
ARD6S3O1187FB3F1F0, uk
ARD6S3O1187FB3F1F0, punk
ARD842G1187B997376, canadian
ARD842G1187B997376, country rock
ARD842G1187B997376, rock
ARD842G1187B997376, folk
ARD8JVH1187FB4DA04, uk
ARD8JVH1187FB4DA04, british
ARD8JVH1187FB4DA04, english
ARD8JVH1187FB4DA04, classic pop and rock
ARD8JVH1187FB4DA04, production music
ARDBSFT1187B9AC9C1, rock and indie
ARDCFNZ1187FB3DDB0, spanish
ARDCFNZ1187FB3DDB0, european
ARDCFNZ1187FB3DDB0, pop and chart
ARDCIH31187B98B241, electronic
ARDCIH31187B98B241, austrian
ARDCQM61187B9951CE, house
ARDCQM61187B9951CE, dance
ARDCQM61187B9951CE, australian
ARDCQM61187B9951CE, electronic
ARDCQM61187B9951CE, pop
ARDD1RC1187B9B52B4, jazz and blues
ARDDWUI1187FB379F7, finnish
ARDEC2A1187B9A460E, thrash metal
ARDEC2A1187B9A460E, metal
ARDEC2A1187B9A460E, metalcore
ARDEC2A1187B9A460E, american
ARDEC2A1187B9A460E, hardcore
ARDEC2A1187B9A460E, groove metal
ARDF6RM1187FB5A409, american
ARDF8K01187FB37200, rock and indie
ARDG9Z71187B997023, uk
ARDG9Z71187B997023, british
ARDG9Z71187B997023, english
ARDG9Z71187B997023, rock and indie
ARDG9Z71187B997023, punk
ARDG9Z71187B997023, england
ARDG9Z71187B997023, indie
ARDG9Z71187B997023, post punk
ARDG9Z71187B997023, alternative
ARDGB6U1187FB3AD07, british
ARDGB6U1187FB3AD07, synthpop
ARDGB6U1187FB3AD07, electronic
ARDGB6U1187FB3AD07, new wave
ARDGB6U1187FB3AD07, uk
ARDGB6U1187FB3AD07, classic pop and rock
ARDGB6U1187FB3AD07, rnb
ARDGB6U1187FB3AD07, pop
ARDGB6U1187FB3AD07, rock
ARDIBRT1187B9AF176, hard rock
ARDIBRT1187B9AF176, rock
ARDIBRT1187B9AF176, blues rock
ARDIBRT1187B9AF176, british
ARDIBRT1187B9AF176, english
ARDIBRT1187B9AF176, classic pop and rock
ARDIBRT1187B9AF176, uk
ARDIBRT1187B9AF176, classic rock
ARDIBRT1187B9AF176, folk
ARDIBRT1187B9AF176, amÇricain
ARDIBRT1187B9AF176, usa
ARDIBRT1187B9AF176, american
ARDIBRT1187B9AF176, folk rock
ARDIBRT1187B9AF176, heavy metal
ARDIBRT1187B9AF176, metal
ARDINVM1187B98A6C1, french
ARDK6QW1187B9B8D85, uk
ARDK6QW1187B9B8D85, punk
ARDK6QW1187B9B8D85, london
ARDK6QW1187B9B8D85, england
ARDK6QW1187B9B8D85, classic pop and rock
ARDK87R1187B98D51C, rock and indie
ARDL38Z1187B9B9FB5, jimmy tamborello
ARDL38Z1187B9B9FB5, rock and indie
ARDPFGP1187B98A58A, rock and indie
ARDPTGD1187B9AD361, fusion
ARDPTGD1187B9AD361, jazz fusion
ARDPTGD1187B9AD361, classic pop and rock
ARDQ9AP1187B9BA3F6, amÇricain
ARDQ9AP1187B9BA3F6, metalcore
ARDQ9AP1187B9BA3F6, usa
ARDQ9AP1187B9BA3F6, american
ARDR4AC1187FB371A1, spanish
ARDR4AC1187FB371A1, european
ARDROT11187B9AD5AE, italian
ARDROT11187B9AD5AE, european
ARDROT11187B9AD5AE, belgian
ARDSWIE1187FB39056, hip hop rnb and dance hall
ARDSWIE1187FB39056, hip hop
ARDT9VH1187B999C0B, post-hardcore
ARDVZTE1187FB5A0A1, hard rock
ARDVZTE1187FB5A0A1, rock
ARDVZTE1187FB5A0A1, glam metal
ARDVZTE1187FB5A0A1, metal
ARDVZTE1187FB5A0A1, american
ARDVZTE1187FB5A0A1, pop and chart
ARDW5AW1187FB55708, folk
ARDZQ5U1187B9ADEAE, classic pop and rock
ARDZQ5U1187B9ADEAE, folk
ARE08BN1187B98FCA3, dÅsseldorf
ARE0OLY1187B9AD19F, rock and indie
ARE0X5X1187B993A86, rock and indie
ARE13NK1187FB4CF92, uk
ARE13NK1187FB4CF92, punk
ARE13NK1187FB4CF92, london
ARE13NK1187FB4CF92, england
ARE13NK1187FB4CF92, classic pop and rock
ARE17W51187FB5381B, portuguese
ARE17W51187FB5381B, lisbon
ARE17W51187FB5381B, european
ARE1DU51187B99BB83, uk
ARE1DU51187B99BB83, punk
ARE1DU51187B99BB83, rock
ARE1DU51187B99BB83, london
ARE1DU51187B99BB83, england
ARE26EG1187B990AEF, house
ARE26EG1187B990AEF, trance
ARE26EG1187B990AEF, techno
ARE26EG1187B990AEF, electronic
ARE26EG1187B990AEF, rave
ARE26EG1187B990AEF, british
ARE33S11187B9A0904, punk
ARE33S11187B9A0904, uk
ARE33S11187B9A0904, northampton
ARE33S11187B9A0904, england
ARE36MM1187B991E50, blues
ARE36MM1187B991E50, american
ARE3LP51187B9ACD29, classic pop and rock
ARE7FPO1187B9AF7CF, punk
ARE7FPO1187B9AF7CF, usa
ARE8GLF1187FB52532, alternative rock
ARE8GLF1187FB52532, funk rock
ARE8GLF1187FB52532, funk
ARE8GLF1187FB52532, rock
ARE8GLF1187FB52532, crossover
ARE8GLF1187FB52532, 10s
ARE8GLF1187FB52532, usa
ARE8GLF1187FB52532, 00s
ARE8GLF1187FB52532, 90s
ARE8GLF1187FB52532, 80s
ARE8GLF1187FB52532, metal
ARE8GLF1187FB52532, rap
ARE8GLF1187FB52532, funk metal
ARE8GLF1187FB52532, american
ARE8GLF1187FB52532, pop and chart
ARE8RCR1187B996BF2, zydeco
ARE8RCR1187B996BF2, american
ARE8RCR1187B996BF2, cajun
AREBWEH1187B99EA9A, finnish
AREDBBQ1187B98AFF5, uk
AREDBBQ1187B98AFF5, british
AREDBBQ1187B98AFF5, english
AREDCT51187B9A6DA6, chinese
AREDW1C1187B9ACAC2, classical
AREDW1C1187B9ACAC2, composer
AREDW1C1187B9ACAC2, production music
AREENKN1187B98F35D, punk
AREENKN1187B98F35D, usa
AREGV3K1187B9AF614, rock and indie
AREHCPX1187FB3C859, dub
AREHCPX1187FB3C859, ambient
AREHK7O1187B9ADDD7, swedish
AREHK7O1187B9ADDD7, alternative rock
AREHK7O1187B9ADDD7, indie pop
AREHK7O1187B9ADDD7, rock
AREHK7O1187B9ADDD7, european
AREHK7O1187B9ADDD7, rock and indie
AREJ5K11187B993F5F, folk
ARELA4P1187B991507, production music
ARELFAE1187FB40D0A, uk
ARELFAE1187FB40D0A, asian
ARELFAE1187FB40D0A, british asian
ARELFAE1187FB40D0A, british
ARELFAE1187FB40D0A, english
AREMOC71187B996C2F, french
AREOGMA1187B9908EF, folk
ARESVFD1187FB522E6, punk
ARESVFD1187FB522E6, guitar
ARESVFD1187FB522E6, california
ARESVFD1187FB522E6, usa
ARESVFD1187FB522E6, classical
AREUUVW1187B99A697, heavy metal
AREUUVW1187B99A697, hard rock
AREUUVW1187B99A697, rock
AREUUVW1187B99A697, american
AREUUVW1187B99A697, glam metal
AREUUVW1187B99A697, metal
AREUYDJ1187B9BA040, czech
AREV2491187B9B017E, new york
AREV2491187B9B017E, us
AREV2491187B9B017E, hip-hop
AREV2491187B9B017E, rap
AREV2491187B9B017E, hip hop rnb and dance hall
AREXM411187FB560C4, american
AREXM411187FB560C4, san francisco
AREZWC61187FB52DCF, classic pop and rock
ARF0W6Z1187B9AC325, gothic metal
ARF0W6Z1187B9AC325, black metal
ARF0W6Z1187B9AC325, symphonic black metal
ARF0W6Z1187B9AC325, british
ARF0W6Z1187B9AC325, metal
ARF0W6Z1187B9AC325, extreme gothic metal
ARF0W6Z1187B9AC325, extreme symphonic metal
ARF1PSM1187B9B802A, texas
ARF1PSM1187B9B802A, dallas
ARF2EHS1187B994F4E, american
ARF2EHS1187B994F4E, southern rock
ARF2EHS1187B994F4E, garage rock
ARF2EHS1187B994F4E, rock and indie
ARF2EHS1187B994F4E, amÇricain
ARF2EHS1187B994F4E, alternative rock
ARF2EHS1187B994F4E, usa
ARF2EHS1187B994F4E, rock
ARF2EHS1187B994F4E, united states
ARF2EHS1187B994F4E, indie rock
ARF3GX71187FB3EB66, country
ARF3L8J1187B9B7866, black metal
ARF5M7Q1187FB501E8, rock and indie
ARF5M7Q1187FB501E8, slow pop
ARF5M7Q1187FB501E8, adam levine
ARF5M7Q1187FB501E8, united states
ARF8HTQ1187B9AE693, french
ARF8HTQ1187B9AE693, electronic
ARF8HTQ1187B9AE693, wp musicians
ARF8HTQ1187B9AE693, european
ARF8HTQ1187B9AE693, dance and electronica
ARF8HTQ1187B9AE693, vocoder
ARF8HTQ1187B9AE693, thomas bangalter
ARF8HTQ1187B9AE693, house
ARF9Z4Q1187FB5B40B, folk
ARFAKQ01187B990163, french
ARFAKQ01187B990163, soundtrack
ARFAKQ01187B990163, production music
ARFCUN31187B9AD578, british
ARFCUN31187B9AD578, uk
ARFCUN31187B9AD578, rock
ARFCUN31187B9AD578, rnb
ARFCUN31187B9AD578, blues
ARFCUN31187B9AD578, rock and roll
ARFCUN31187B9AD578, country
ARFCUN31187B9AD578, english
ARFCUN31187B9AD578, classic pop and rock
ARFCUN31187B9AD578, the-rolling-stones
ARFCUN31187B9AD578, britannique
ARFCUN31187B9AD578, reggae
ARFCUN31187B9AD578, psychedelic rock
ARFELOH1187B991F95, desi
ARFERPC1187FB557F6, chinese
ARFFDZU1187FB50682, american
ARFFDZU1187FB50682, soundtrack
ARFFDZU1187FB50682, easy listening soundtracks and musicals
ARFG66D1187FB536B6, hip hop rnb and dance hall
ARFN2TE11A348EFFB4, american idol
ARFN3YG1187B9AD9F1, latvian
ARFNJ4O1187B9A204B, birmingham
ARFNJ4O1187B9A204B, uk
ARFNJ4O1187B9A204B, british
ARFNJ4O1187B9A204B, english
ARFNJ4O1187B9A204B, warp
ARFNJ4O1187B9A204B, classic pop and rock
ARFSPOV1187B9B2363, british
ARFSPOV1187B9B2363, dance
ARFSPOV1187B9B2363, electronic
ARFSPOV1187B9B2363, uk
ARFSPOV1187B9B2363, 10s
ARFSPOV1187B9B2363, 00s
ARFSPOV1187B9B2363, english
ARFSPOV1187B9B2363, 90s
ARFSPOV1187B9B2363, house
ARFSPOV1187B9B2363, uk garage
ARFSPOV1187B9B2363, dance and electronica
ARFT5CP1187FB50263, italian
ARFT5CP1187FB50263, belgian
ARFT5CP1187FB50263, european
ARFT5CP1187FB50263, dance and electronica
ARFVYJI1187B9B8E13, grunge
ARFVYJI1187B9B8E13, rock
ARFVYJI1187B9B8E13, seattle
ARFVYJI1187B9B8E13, alternative rock
ARFVYJI1187B9B8E13, american
ARFVYJI1187B9B8E13, hard rock
ARFVYJI1187B9B8E13, rock and indie
ARFWL8S1187B9B4B44, canadian
ARFWL8S1187B9B4B44, pop
ARFWL8S1187B9B4B44, classic pop and rock
ARFWL8S1187B9B4B44, eurovision
ARFWL8S1187B9B4B44, french
ARFYXXA1187B995861, soprano
ARFZSPU1187B9B5BA9, production music
ARG09R51187FB4D5C2, country
ARG1FA61187B994921, rock and indie
ARG1UAO1187FB55E50, hong kong
ARG1UAO1187FB55E50, chinese
ARG37DA1187B9A47FF, doom metal
ARG37DA1187B9A47FF, metal
ARG3UX61187B9AC05A, metal
ARG3UX61187B9AC05A, rock and indie
ARG4KW31187FB51B7C, progressive rock
ARG4KW31187FB51B7C, uk
ARG4KW31187FB51B7C, british
ARG4KW31187FB51B7C, english
ARG99CA1187FB3D09A, greek
ARG9CID1187B9AB010, rock and indie
ARGBG2T1187B9B1670, hip hop
ARGBG2T1187B9B1670, german
ARGBR4I1187B99D073, rock and indie
ARGEZ5E1187FB56F38, rock
ARGEZ5E1187FB56F38, christian
ARGFFA01187B9A2D11, skate punk
ARGFFA01187B9A2D11, rock
ARGFFA01187B9A2D11, punk rock
ARGFFA01187B9A2D11, melodic hardcore
ARGFFA01187B9A2D11, american
ARGFFA01187B9A2D11, rock and indie
ARGFFA01187B9A2D11, punk
ARGFFA01187B9A2D11, usa
ARGJ0911187FB4613F, classic pop and rock
ARGJ0911187FB4613F, folk
ARGK9MB1187FB37402, hip hop rnb and dance hall
ARGKD4W1187B990E04, country
ARGKD4W1187B990E04, rock
ARGKD4W1187B990E04, american
ARGKD4W1187B990E04, pop
ARGKD4W1187B990E04, classic pop and rock
ARGLOWN1187B99C06D, blues
ARGMGHN1187B9B4213, pop and chart
ARGMXQW1187FB54C34, brazilian
ARGMXQW1187FB54C34, bossa nova
ARGNGRI11E2835D567, spanish
ARGNGRI11E2835D567, pop
ARGO67V1187B9968D2, post-hardcore
ARGO67V1187B9968D2, alternative rock
ARGO67V1187B9968D2, rock
ARGO67V1187B9968D2, american
ARGP7WY1187FB45464, cantopop
ARGP7WY1187FB45464, cantonese
ARGP7WY1187FB45464, hong kong
ARGP7WY1187FB45464, chinese
ARGR7431187FB3F3FB, french
ARGS39X1187B991939, film composer
ARGV2PR1187B9AD702, classical
ARGVJPK1187B9909EA, operatic pop
ARGVJPK1187B9909EA, gospel
ARGVJPK1187B9909EA, classical
ARGVJPK1187B9909EA, easy listening
ARGVJPK1187B9909EA, american
ARGVJPK1187B9909EA, vocal
ARGVJPK1187B9909EA, pop
ARGVJPK1187B9909EA, easy listening soundtracks and musicals
ARGWIHH1187B9A79B0, indie
ARGWIHH1187B9A79B0, alternative
ARGWIHH1187B9A79B0, rock
ARGWIHH1187B9A79B0, experimental
ARGWIHH1187B9A79B0, british
ARGWIHH1187B9A79B0, indie rock
ARGY9EQ1187B996E1A, finnish
ARGY9EQ1187B996E1A, melodic death metal
ARGY9EQ1187B996E1A, metal
ARGY9FW1187B991C7D, electronic
ARGY9FW1187B991C7D, american
ARGY9FW1187B991C7D, techno
ARGY9FW1187B991C7D, freestyle
ARGY9FW1187B991C7D, synthpop
ARGYHUI1187B9AC2A5, classic pop and rock
ARGYHUI1187B9AC2A5, finnish
ARH09RT1187FB4A843, latin
ARH09RT1187FB4A843, pop
ARH0Z131187B9B69E9, hip hop
ARH1LE01187B98D68D, american
ARH1LE01187B98D68D, soundtrack
ARH2QI91187FB3788D, dance and electronica
ARH2QI91187FB3788D, dance
ARH2QI91187FB3788D, france
ARH3S5S1187FB4F76B, soft rock
ARH3S5S1187FB4F76B, english
ARH3S5S1187FB4F76B, progressive rock
ARH3S5S1187FB4F76B, symphonic rock
ARH3S5S1187FB4F76B, orchestral
ARH3S5S1187FB4F76B, psychedelic rock
ARH3S5S1187FB4F76B, rock
ARH3S5S1187FB4F76B, power pop
ARH3S5S1187FB4F76B, british
ARH3S5S1187FB4F76B, pop
ARH4N0N1187FB3E1F1, bhangra
ARH4N0N1187FB3E1F1, punjabi
ARH6W4X1187B99274F, rock
ARH6W4X1187B99274F, british
ARH6W4X1187B99274F, alternative rock
ARH6W4X1187B99274F, art rock
ARH6W4X1187B99274F, uk
ARH6W4X1187B99274F, electronic
ARH6W4X1187B99274F, english
ARH6W4X1187B99274F, britannique
ARH6W4X1187B99274F, melancholic
ARH6W4X1187B99274F, parlophone
ARH6W4X1187B99274F, britpop
ARH6W4X1187B99274F, thom yorke
ARH6W4X1187B99274F, rock and indie
ARH6W4X1187B99274F, oxford
ARH861H1187B9B799E, country
ARH861H1187B9B799E, folk
ARH861H1187B9B799E, american
ARH861H1187B9B799E, blues
ARH861H1187B9B799E, rock and roll
ARH861H1187B9B799E, gospel
ARH861H1187B9B799E, favorite
ARH861H1187B9B799E, rock
ARH8B5X1187FB3B6C0, black metal
ARH8B5X1187FB3B6C0, death metal
ARH8B5X1187FB3B6C0, thrash metal
ARH8HRR1187FB5CBE8, folk
ARH9GD41187FB37E0F, soul and reggae
ARHAEXZ1187FB54F3C, hip hop rnb and dance hall
ARHAEXZ1187FB54F3C, band
ARHAEXZ1187FB54F3C, rock
ARHAEXZ1187FB54F3C, hip-hop
ARHBYTA1187FB3C812, country-es
ARHD3RX1187FB3A7DA, soul and reggae
ARHI20L1187FB4C997, classic pop and rock
ARHJJ771187FB5B581, uk
ARHJJ771187FB5B581, rock
ARHJJ771187FB5B581, middlesex
ARHJJ771187FB5B581, harrow
ARHJJ771187FB5B581, england
ARHJMEF1187FB415AE, ndw
ARHJMEF1187FB415AE, german
ARHJMEF1187FB415AE, dÅsseldorf
ARHKQGH1187B9A4DB4, german
ARHL8SP1187B98F8A3, new york
ARHL8SP1187B98F8A3, usa
ARHL8SP1187B98F8A3, hardcore
ARHL8SP1187B98F8A3, punk
ARHMZAR1187B9B077C, classicpopandrock
ARHNCQ31187B9915DC, american
ARHNCQ31187B9915DC, folk
ARHNCQ31187B9915DC, blues
ARHNL9K1187FB5730C, hong kong
ARHNL9K1187FB5730C, chinese
ARHO1WI1187B98CB84, contemporary christian
ARHO1WI1187B98CB84, american
ARHPDQM1187FB3C318, blues
ARHPDQM1187FB3C318, texas blues
ARHPDQM1187FB3C318, electric blues
ARHPPJK1187B9AC897, rock and indie
ARHQYFB1187FB4AECF, uk
ARHQYFB1187FB4AECF, punk
ARHQYFB1187FB4AECF, england
ARHQYFB1187FB4AECF, bristol
ARHR5BC1187B9AC348, dance and electronica
ARHRKTK1187B99E1D5, classic pop and rock
ARHRY5S1187B99B96F, industrial metal
ARHRY5S1187B99B96F, american
ARHRY5S1187B99B96F, metal
ARHRY5S1187B99B96F, alternative metal
ARHT0B11187B993CB3, american
ARHTV1S1187FB547F8, production music
ARHU9211187B9B7E0E, side project
ARHU9211187B9B7E0E, hip-hop
ARHU9211187B9B7E0E, rap
ARHUC691187B9AD27F, progressive rock
ARHZCG01187B99E4DE, rock
ARHZCG01187B99E4DE, jazz
ARHZCG01187B99E4DE, jazz fusion
ARHZCG01187B99E4DE, american
ARI2G3D1187B98D8A0, german
ARI2G3D1187B98D8A0, neue deutsche welle
ARI2G3D1187B98D8A0, ndw
ARI2JSK1187FB496EF, production music
ARI3Y441187FB4B921, los angeles
ARI3Y441187FB4B921, punk
ARI3Y441187FB4B921, california
ARI3Y441187FB4B921, usa
ARI4RPW1187B9B862D, jazz and blues
ARI4S0E1187B9B06C0, filk
ARI6CSW1187B9AF09A, german
ARI7DOB1187FB37AA4, indie rock
ARI7DOB1187FB37AA4, british
ARI7DOB1187FB37AA4, alternative rock
ARI7DOB1187FB37AA4, art rock
ARI7DOB1187FB37AA4, rock
ARI7DOB1187FB37AA4, rock and indie
ARI7DOB1187FB37AA4, post-punk revival
ARI7DOB1187FB37AA4, uk
ARI7DOB1187FB37AA4, united kingdom
ARI7DOB1187FB37AA4, britannique
ARIBE791187FB3FFA5, classic pop and rock
ARIEIJW1187B98F6DD, german
ARIEIJW1187B98F6DD, comedian
ARIFGKC1187B9B04D5, big band
ARIFGKC1187B9B04D5, pop
ARIFGKC1187B9B04D5, american
ARIFGKC1187B9B04D5, classic pop and rock
ARIGKCK1187FB5C99B, american
ARIGKCK1187FB5C99B, blues
ARIH5GU1187FB4C958, post-grunge
ARIH5GU1187FB4C958, australian
ARIH5GU1187FB4C958, experimental
ARIH5GU1187FB4C958, alternative rock
ARIH5GU1187FB4C958, hard rock
ARIH5GU1187FB4C958, rock
ARIH5GU1187FB4C958, mellow
ARIH5GU1187FB4C958, art rock
ARIH5GU1187FB4C958, grunge
ARIH5GU1187FB4C958, angsty
ARIH5GU1187FB4C958, newcastle
ARIH5GU1187FB4C958, baroque pop
ARIJ7MR1187B9B484E, greek
ARIK43K1187B9AE54C, soul and reggae
ARILV5E1187B9959C8, pop and chart
ARIMJFK1187FB4ED3E, electronica
ARIMJFK1187FB4ED3E, uk
ARIMJFK1187FB4ED3E, mo wax
ARIMJFK1187FB4ED3E, warp
ARIMJFK1187FB4ED3E, british
ARIMJFK1187FB4ED3E, english
ARIMJFK1187FB4ED3E, dance and electronica
ARIN12F1187FB3E92C, production music
ARINXZA1187FB56902, rock and indie
ARIPLUN1187B99B9F9, british
ARIPLUN1187B99B9F9, uk
ARIPLUN1187B99B9F9, rock
ARIPLUN1187B99B9F9, new wave
ARIPLUN1187B99B9F9, english
ARIPLUN1187B99B9F9, classic pop and rock
ARIPLUN1187B99B9F9, post-punk
ARIPLUN1187B99B9F9, england
ARIPLUN1187B99B9F9, alternative
ARIPNAN1187FB3E577, nl
ARIPNAN1187FB3E577, hiphop
ARIRBO11187FB4B219, folk
ARISHTQ1187FB3E6F0, classic pop and rock
ARISRD71187FB57AE8, ????
ARISRD71187FB57AE8, hong kong artist
ARISRD71187FB57AE8, hong kong
ARISRD71187FB57AE8, chinese
ARIT8YH1187FB43F30, uk
ARIT8YH1187FB43F30, british
ARIT8YH1187FB43F30, english
ARIT8YH1187FB43F30, classic pop and rock
ARIT9Y51187FB364AE, celtic
ARITKAJ122BCFCA169, production music
ARIW1BH1187FB4C94A, rock and indie
ARIWB161187B9AA1D5, folk
ARIWB161187B9AA1D5, rock
ARIWB161187B9AA1D5, american
ARIWB161187B9AA1D5, folk rock
ARIWB161187B9AA1D5, seven
ARIWB161187B9AA1D5, simon-garfunkel
ARIWB161187B9AA1D5, classic pop and rock
ARIXB7T1187B9AB215, latvian
ARIXGOC1187FB54F4B, actor
ARIZODP1187B9AD272, british
ARIZODP1187B9AD272, english
ARIZODP1187B9AD272, classic pop and rock
ARIZODP1187B9AD272, male vocalists
ARIZODP1187B9AD272, 70s
ARIZODP1187B9AD272, rock
ARIZODP1187B9AD272, 00s
ARIZODP1187B9AD272, 90s
ARIZODP1187B9AD272, uk
ARIZODP1187B9AD272, 80s
ARJ1BWM1187B9B117B, american
ARJ1BWM1187B9B117B, metalcore
ARJ1BWM1187B9B117B, metal
ARJ1W5M1187FB458F3, british
ARJ1W5M1187FB458F3, glam rock
ARJ1W5M1187FB458F3, pop
ARJ1W5M1187FB458F3, hard rock
ARJ1W5M1187FB458F3, classic pop and rock
ARJ1W5M1187FB458F3, uk
ARJ1W5M1187FB458F3, rock
ARJ2PMY1187FB5B563, reggae
ARJ2PMY1187FB5B563, classic pop and rock
ARJ45QE1187FB423B8, classic rock heartland rock rock and roll
ARJ45QE1187FB423B8, classic pop and rock
ARJ45SE1187FB44AD1, deathcore
ARJ45SE1187FB44AD1, american
ARJ45SE1187FB44AD1, metal
ARJ5FD21187FB43F12, hip hop rnb and dance hall
ARJ7KF01187B98D717, british
ARJ7KF01187B98D717, uk
ARJ7KF01187B98D717, alternative rock
ARJ7KF01187B98D717, piano pop
ARJ7KF01187B98D717, parlophone
ARJ7KF01187B98D717, english
ARJ7KF01187B98D717, piano rock
ARJ7KF01187B98D717, britannique
ARJ7KF01187B98D717, rock and indie
ARJ7KF01187B98D717, united kingdom
ARJ7KF01187B98D717, pop rock
ARJ7KF01187B98D717, rock
ARJ7SQ31187B9AF432, british
ARJ7SQ31187B9AF432, folk-rock
ARJ7SQ31187B9AF432, rock
ARJ7SQ31187B9AF432, anti-folk
ARJ7SQ31187B9AF432, uk
ARJ7SQ31187B9AF432, english
ARJ7SQ31187B9AF432, classic pop and rock
ARJ7SQ31187B9AF432, alternative rock
ARJ7SQ31187B9AF432, folk
ARJ87C21187B99B9D4, production music
ARJ8PZJ1187B99314F, post-hardcore
ARJ8PZJ1187B99314F, alternative rock
ARJ8PZJ1187B99314F, rock
ARJ9B1V1187FB4DD1F, soul and reggae
ARJ9B1V1187FB4DD1F, us
ARJ9B1V1187FB4DD1F, hiphop
ARJ9DSA1187B990E00, rock
ARJ9DSA1187B990E00, blues rock
ARJ9DSA1187B990E00, british
ARJ9DSA1187B990E00, english
ARJ9DSA1187B990E00, classic pop and rock
ARJ9DSA1187B990E00, blues
ARJA1841187FB3A029, british
ARJA1841187FB3A029, uk
ARJA1841187FB3A029, rock
ARJA1841187FB3A029, experimental
ARJA1841187FB3A029, glam rock
ARJA1841187FB3A029, english
ARJA1841187FB3A029, classic pop and rock
ARJA1841187FB3A029, post-disco
ARJA1841187FB3A029, britannique
ARJA1841187FB3A029, soul
ARJA1841187FB3A029, blue-eyed soul
ARJA1841187FB3A029, pop
ARJA1841187FB3A029, art rock
ARJA5XT1187B9B89AA, taiwanese
ARJA5XT1187B9B89AA, hong kong
ARJA5XT1187B9B89AA, mandarin
ARJA5XT1187B9B89AA, chinese
ARJA5XT1187B9B89AA, production music
ARJB9TE1187FB3A9F8, uk
ARJB9TE1187FB3A9F8, british
ARJB9TE1187FB3A9F8, english
ARJB9TE1187FB3A9F8, rock and indie
ARJBWQI1187B9B17D1, thrash metal
ARJBWQI1187B9B17D1, metalcore
ARJBWQI1187B9B17D1, metal
ARJCOPY1187FB5C315, soomaaliya
ARJCOPY1187FB5C315, canada
ARJD6I01187FB50347, finnish
ARJDUON1187B989F69, classical
ARJG2ID1187B9A767E, uk
ARJG2ID1187B9A767E, english
ARJG2ID1187B9A767E, british
ARJG2ID1187B9A767E, punk
ARJG2ID1187B9A767E, england
ARJG2ID1187B9A767E, mod
ARJG2ID1187B9A767E, classic pop and rock
ARJGIOD1187B9AE920, american idol
ARJGIOD1187B9AE920, pop and chart
ARJNRA61187FB57724, los angeles
ARJNRA61187FB57724, punk
ARJNRA61187FB57724, california
ARJNRA61187FB57724, usa
ARJPRV411A348EFE4B, world
ARJRF841187B9B7F9A, european
ARJRF841187B9B7F9A, austrian
ARJTAZU1187B990051, betulio medina
ARJTX7M1187FB4CED3, uk
ARJTX7M1187FB4CED3, british
ARJTX7M1187FB4CED3, english
ARJTX7M1187FB4CED3, classic pop and rock
ARJUNZD1187B9A5DAE, american
ARJUNZD1187B9A5DAE, los angeles
ARJW7KB1187FB47C36, star academy
ARJW7KB1187FB47C36, french
ARJXZX41187B9B6A43, rock and indie
ARJXZX41187B9B6A43, hip hop
ARK24KH1187B9B6B93, uk
ARK24KH1187B9B6B93, scottish
ARK24KH1187B9B6B93, british
ARK24KH1187B9B6B93, classic pop and rock
ARK2G5U1187FB46B34, classical
ARK2G5U1187FB46B34, production music
ARK7ZPW1187B99C170, greek
ARK7ZPW1187B99C170, european
ARK8EHO1187B9B71D1, electronic
ARK8EHO1187B9B71D1, british
ARK8EHO1187B9B71D1, rock and indie
ARK8EHO1187B9B71D1, uk
ARK8EHO1187B9B71D1, trance
ARK8EHO1187B9B71D1, house
ARK8EHO1187B9B71D1, techno
ARK8F3K1187FB4F002, punk
ARK8F3K1187FB4F002, france
ARK9TRQ1187B99C095, industrial rock
ARK9TRQ1187B99C095, american
ARK9TRQ1187B99C095, rock
ARK9TRQ1187B99C095, industrial
ARK9TRQ1187B99C095, electronic
ARK9TRQ1187B99C095, creative commons
ARK9TRQ1187B99C095, rock and indie
ARK9TRQ1187B99C095, amÇricain
ARK9TRQ1187B99C095, alternative rock
ARK9TRQ1187B99C095, synthpop
ARK9TRQ1187B99C095, usa
ARK9TRQ1187B99C095, industrial metal
ARKA2YS1187B9A4060, french
ARKCYJV1187FB392E9, steal your goals
ARKETDZ1187B9B2566, german
ARKEZNY1187B9B7F6C, greek
ARKF8XU1187B9A990A, soundtrack
ARKF8XU1187B9A990A, american
ARKIYC51187FB4775A, finnish
ARKLA8V1187B999B68, stoner metal
ARKO7AO1187FB5664B, jazz and blues
ARKO7AO1187FB5664B, folk
ARKON4P1187B98B291, production music
ARKQ6QN1187B9B016D, jungle
ARKQ6QN1187B9B016D, uk
ARKQ6QN1187B9B016D, english
ARKQ6QN1187B9B016D, drum and bass
ARKQ6QN1187B9B016D, british
ARKQQZA12086C116FC, united states
ARKR75V1187FB3D4D5, pop and chart
ARKSZW81187B9B695D, whistle register
ARKSZW81187B9B695D, rnb
ARKSZW81187B9B695D, pop
ARKSZW81187B9B695D, american
ARKSZW81187B9B695D, pop and chart
ARKT5SH1187B9AE8BF, rock and indie
ARKU2GK1187B98C8AB, british
ARKU3Z61187FB51DCA, barbadian
ARKU3Z61187FB51DCA, pop and chart
ARKU3Z61187FB51DCA, barbade
ARKU3Z61187FB51DCA, barbadien
ARKU3Z61187FB51DCA, pop
ARKU3Z61187FB51DCA, dance-pop
ARKU3Z61187FB51DCA, contemporary r b
ARKU3Z61187FB51DCA, rnb
ARKU3Z61187FB51DCA, barbados
ARKWCGR1187B992B71, french
ARKZ68G1187B98B189, uk
ARKZ68G1187B98B189, british
ARKZ68G1187B98B189, english
ARKZ68G1187B98B189, alternative
ARKZ68G1187B98B189, england
ARKZ68G1187B98B189, classic pop and rock
ARKZJ301187FB521B2, uk
ARKZJ301187FB521B2, british
ARKZJ301187FB521B2, pop and chart
ARKZJ301187FB521B2, united kingdom
ARKZJ301187FB521B2, electropop
ARKZJ301187FB521B2, britannique
ARKZJ301187FB521B2, pop
ARKZJ301187FB521B2, english
ARKZNO81187FB37FBA, world
ARKZXSQ1187B9AC9F3, post-punk
ARKZXSQ1187B9AC9F3, uk
ARKZXSQ1187B9AC9F3, british
ARKZXSQ1187B9AC9F3, new wave
ARKZXSQ1187B9AC9F3, english
ARKZXSQ1187B9AC9F3, 80s
ARKZXSQ1187B9AC9F3, goth
ARKZXSQ1187B9AC9F3, rock and indie
ARKZXSQ1187B9AC9F3, 70s
ARKZXSQ1187B9AC9F3, manchester
ARKZXSQ1187B9AC9F3, britannique
ARL3VGT1187FB40E8E, ska
ARL3VGT1187FB40E8E, latin
ARL3VGT1187FB40E8E, argentina
ARL4M621187FB3FF06, eurovision
ARL4M621187FB3FF06, spanish
ARL5BEN1187B98E4D9, hip hop rnb and dance hall
ARL5BEN1187B98E4D9, reggae
ARL635X1187B990092, french
ARL635X1187B990092, british
ARL635X1187B990092, english
ARL6F541187B9ADC0C, zouk
ARL6FF81187FB5A916, pop and chart
ARL6FF81187FB5A916, united states
ARL6FF81187FB5A916, spence smith
ARL6FF81187FB5A916, brendon urie
ARL6FF81187FB5A916, jon walker
ARL6FF81187FB5A916, ryan ross
ARL6FF81187FB5A916, brent wilson
ARL6XZC1187FB3936E, finnish
ARLCQZN1187B9AF634, classic pop and rock
ARLFUII1187FB565E5, hip hop rnb and dance hall
ARLGIX31187B9AE9A0, us
ARLGIX31187B9AE9A0, hiphop
ARLGIX31187B9AE9A0, hip hop rnb and dance hall
ARLGIX31187B9AE9A0, united states
ARLGIX31187B9AE9A0, rapper
ARLGIX31187B9AE9A0, rap
ARLGIX31187B9AE9A0, hip-hop
ARLGOUD12298900ACE, dancehall
ARLGOUD12298900ACE, electronic
ARLGOUD12298900ACE, electro
ARLGOUD12298900ACE, dub
ARLGUTA1187B9B605F, hip hop rnb and dance hall
ARLHO5Z1187FB4C861, hip hop
ARLHO5Z1187FB4C861, usa
ARLHO5Z1187FB4C861, rock
ARLHO5Z1187FB4C861, american
ARLHO5Z1187FB4C861, rap rock
ARLHO5Z1187FB4C861, rap
ARLHO5Z1187FB4C861, punk
ARLHO5Z1187FB4C861, amÇricain
ARLHO5Z1187FB4C861, rock and indie
ARLHO5Z1187FB4C861, us
ARLHO5Z1187FB4C861, hiphop
ARLHO5Z1187FB4C861, hip-hop
ARLIIVS1187FB5583B, soundtrack
ARLIIVS1187FB5583B, classical
ARLIIVS1187FB5583B, american
ARLIIVS1187FB5583B, opera
ARLIIVS1187FB5583B, easy listening soundtracks and musicals
ARLJWTL1187B98C0DE, alternative rock
ARLJWTL1187B98C0DE, punk
ARLJWTL1187B98C0DE, protopunk
ARLJWTL1187B98C0DE, rock
ARLJWTL1187B98C0DE, american
ARLJWTL1187B98C0DE, classic pop and rock
ARLLRL61187B9B6698, classic pop and rock
ARLR9U31187B9A71AD, classic pop and rock
ARLSF8H1187B9A76B0, norwegian
ARLSF8H1187B9A76B0, black metal
ARLSF8H1187B9A76B0, melodic black metal
ARLSF8H1187B9A76B0, symphonic black metal
ARLSF8H1187B9A76B0, metal
ARLSGOL1187FB51164, hip hop
ARLTW641187B9B6D3C, arranger
ARLTW641187B9B6D3C, uk
ARLTW641187B9B6D3C, arrangeur
ARLTW641187B9B6D3C, britannique
ARLTW641187B9B6D3C, british
ARLV8S31187B988B71, french
ARLV8S31187B988B71, singer
ARLV8S31187B988B71, guitarist
ARLV8S31187B988B71, guitariste
ARLV8S31187B988B71, chanteur
ARLV8S31187B988B71, france
ARLV8S31187B988B71, francophone
ARLV8S31187B988B71, songwriter
ARLV8S31187B988B71, parolier
ARLV8S31187B988B71, compositeur
ARLV8S31187B988B71, composer
ARLV8S31187B988B71, lyricist
ARLV8S31187B988B71, chanson
ARLV8S31187B988B71, chanson franáaise
ARLV8S31187B988B71, franáais
ARLWDC31187B9B4D71, australia
ARLWDC31187B9B4D71, punk
ARLWEID1187B98DE3C, crossover jazz
ARLWEID1187B98DE3C, swing
ARLWEID1187B98DE3C, big band
ARLWEID1187B98DE3C, jazz
ARLWEID1187B98DE3C, american
ARLWEID1187B98DE3C, jazz pop
ARLWEID1187B98DE3C, pop
ARLWEID1187B98DE3C, soundtrack
ARLWEID1187B98DE3C, classic pop and rock
ARLWEID1187B98DE3C, producteur
ARLWEID1187B98DE3C, producer
ARLZ2LD1187B9B17FD, swedish
ARLZ6BF1187FB3DD6A, french
ARLZ6BF1187FB3DD6A, franáais
ARLZ6BF1187FB3DD6A, france
ARLZ6BF1187FB3DD6A, francophone
ARLZ6BF1187FB3DD6A, chanson franáaise
ARLZ6BF1187FB3DD6A, parolier
ARLZ6BF1187FB3DD6A, chanteur
ARLZ6BF1187FB3DD6A, lyricist
ARLZ6BF1187FB3DD6A, singer
ARLZ6BF1187FB3DD6A, chanson
ARLZLMN1187B9AD1CB, rock and indie
ARM0P6Z1187FB4D466, british
ARM0P6Z1187FB4D466, uk
ARM0P6Z1187FB4D466, english
ARM0P6Z1187FB4D466, britannique
ARM0P6Z1187FB4D466, indie rock
ARM0P6Z1187FB4D466, 2007
ARM0P6Z1187FB4D466, post-punk revival
ARM0P6Z1187FB4D466, rock and indie
ARM0P6Z1187FB4D466, domino
ARM0RY81187B9AF248, soundtrack
ARM0RY81187B9AF248, american
ARM2WL31187B9A3D69, latvian
ARM4J201187B9B8B3B, south american
ARM4J201187B9B8B3B, rock en espa§ol
ARM4J201187B9B8B3B, rock
ARM4J201187B9B8B3B, soundtrack
ARM4J201187B9B8B3B, argentinian
ARM4J201187B9B8B3B, easy listening soundtracks and musicals
ARM4J201187B9B8B3B, argentina
ARM4J201187B9B8B3B, espa§ol
ARM4J201187B9B8B3B, bajofondo
ARM5JLS1187FB3615B, country
ARM6HLK1187FB427F0, rap
ARM6HLK1187FB427F0, hip hop rnb and dance hall
ARM7C1Q1187FB471C8, welsh
ARM7C1Q1187FB471C8, metalcore
ARM7C1Q1187FB471C8, metal
ARM7C1Q1187FB471C8, rock and indie
ARM7EDF1187B9B3FA1, hard rock
ARM7EDF1187B9B3FA1, american
ARM7EDF1187B9B3FA1, heavy metal
ARM7EDF1187B9B3FA1, rock
ARM7EDF1187B9B3FA1, metal
ARM7EDF1187B9B3FA1, classic pop and rock
ARM7UY51187B993E17, jazz
ARM7YQQ1187B9A84E7, new wave
ARM7YQQ1187B9A84E7, rock
ARM7YQQ1187B9A84E7, american
ARM7YQQ1187B9A84E7, punk
ARM7YQQ1187B9A84E7, punk rock
ARM7YQQ1187B9A84E7, usa
ARM7YQQ1187B9A84E7, new york
ARM7YQQ1187B9A84E7, pop
ARM7YQQ1187B9A84E7, classic pop and rock
ARMAC4T1187FB3FA4C, rock and indie
ARMAC4T1187FB3FA4C, metal
ARMAOIY1187B9A3893, taiwanese
ARMAOIY1187B9A3893, chinese
ARMB95F1187B9B5B93, hip hop rnb and dance hall
ARMBTFC1187FB56343, american
ARMBTFC1187FB56343, nu metal
ARMBTFC1187FB56343, metal
ARMBTFC1187FB56343, nu-metal
ARMBTFC1187FB56343, new metal
ARMBTFC1187FB56343, alternative metal
ARMBTFC1187FB56343, united states
ARMBTFC1187FB56343, industrial metal
ARMD6JB1187FB3B0E7, german
ARMDBW21187FB37126, classic pop and rock
ARMEGHI11E2835C3C3, spanish
ARMEUT11187B9BA155, folk
ARMG34A1187FB548A8, uk
ARMG34A1187FB548A8, british
ARMG34A1187FB548A8, english
ARMG34A1187FB548A8, rock and indie
ARMG34A1187FB548A8, 80s synthpop
ARMG34A1187FB548A8, united kingdom
ARMGO941187FB3B52A, pop and chart
ARMIMHT1187B98F038, funk
ARMIMHT1187B98F038, rnb
ARMIMHT1187B98F038, urban contemporary
ARMIMHT1187B98F038, rock
ARMIMHT1187B98F038, american
ARMIMHT1187B98F038, dance-pop
ARMIMHT1187B98F038, soul and reggae
ARMJAGH1187FB546F3, classic pop and rock
ARMJMBJ1187B98C46F, mainstream
ARMJMBJ1187B98C46F, gangsta rap
ARMJMBJ1187B98C46F, hip hop artist
ARMJMBJ1187B98C46F, caddy
ARMJMBJ1187B98C46F, rap
ARMJMBJ1187B98C46F, caddillac
ARMJMBJ1187B98C46F, bug
ARMJMBJ1187B98C46F, romanian hip hop
ARMJMBJ1187B98C46F, mafia
ARMJMBJ1187B98C46F, rap artist
ARMJMBJ1187B98C46F, bug mafia
ARMJMBJ1187B98C46F, romaneasca
ARMJMBJ1187B98C46F, hardcore
ARMJMBJ1187B98C46F, muzica romaneasca
ARMJMBJ1187B98C46F, hip hop
ARMJMBJ1187B98C46F, romanian artist
ARMJMBJ1187B98C46F, artist
ARMJMBJ1187B98C46F, tataee
ARMJMBJ1187B98C46F, romanian band
ARMJMBJ1187B98C46F, uzzi
ARML3X41187FB35F2E, pop rock
ARML3X41187FB35F2E, alternative rock
ARML3X41187FB35F2E, rock
ARML3X41187FB35F2E, american
ARML3X41187FB35F2E, classic pop and rock
ARML3X41187FB35F2E, united states
ARML8X41187B990644, new wave
ARML8X41187B990644, rock
ARML8X41187B990644, british
ARML8X41187B990644, classic pop and rock
ARML8X41187B990644, soft rock
ARML8X41187B990644, 70s
ARML8X41187B990644, 00s
ARML8X41187B990644, uk
ARML8X41187B990644, 80s
ARML8X41187B990644, male vocalists
ARML8X41187B990644, electronic
ARML8X41187B990644, pop
ARML8X41187B990644, 90s
ARML8X41187B990644, scottish
ARMMKRK1187B996E31, production music
ARMPIH61187FB44227, stefanie sun
ARMPIH61187FB44227, chinese
ARMPIH61187FB44227, singapore
ARMPIH61187FB44227, mandarin
ARMPIH61187FB44227, country-sg
ARMPQIE1187FB3D4EB, hip hop rnb and dance hall
ARMPRI31187FB4F7D9, greek
ARMPRI31187FB4F7D9, electronic
ARMPRI31187FB4F7D9, instrumental
ARMPRI31187FB4F7D9, soundtrack
ARMPRI31187FB4F7D9, new age
ARMPRI31187FB4F7D9, soundtrack composer
ARMPRI31187FB4F7D9, experimental
ARMPRI31187FB4F7D9, progressive new age
ARMPRI31187FB4F7D9, ambient
ARMPRI31187FB4F7D9, composer
ARMPRI31187FB4F7D9, classical
ARMPRI31187FB4F7D9, progressive rock
ARMPRI31187FB4F7D9, rock
ARMPRI31187FB4F7D9, film score
ARMPRI31187FB4F7D9, easy listening soundtracks and musicals
ARMQ32V1187B9999F3, orchestral conductor
ARMQ32V1187B9999F3, arranger
ARMQ32V1187B9999F3, composer
ARMQ32V1187B9999F3, record producer
ARMQHX71187B9890D3, heavy metal
ARMQHX71187B9890D3, sludge metal
ARMQHX71187B9890D3, progressive metal
ARMQHX71187B9890D3, metal
ARMQHX71187B9890D3, alternative metal
ARMQHX71187B9890D3, american
ARMQHX71187B9890D3, groove metal
ARMQHX71187B9890D3, rock and indie
ARMR44C1187FB433D2, uk
ARMR44C1187FB433D2, british
ARMR44C1187FB433D2, english
ARMR44C1187FB433D2, world
ARMR44C1187FB433D2, folk
ARMSW7X1187FB5B504, los angeles
ARMSW7X1187FB5B504, american
ARMW4I01187B98AEF8, hip hop
ARMWZF41187FB387F9, country
ARMWZF41187FB387F9, american
ARN03F71187FB4E3F4, soul and reggae
ARN0NCG1187B9911A9, hamburg
ARN0NCG1187B9911A9, german
ARN3O411187FB4D859, german
ARN3X4T1187B99EA39, chinese
ARN3X4T1187B99EA39, pop
ARN3X4T1187B99EA39, hong kong
ARN3X4T1187B99EA39, cantonese
ARN3X4T1187B99EA39, mandarin
ARN5BHA1187B99E072, hawaiian
ARN5NHX1187FB4F755, alternative rock
ARN5NHX1187FB4F755, amÇricain
ARN5NHX1187FB4F755, american
ARN5NHX1187FB4F755, usa
ARN5NHX1187FB4F755, rock and indie
ARN5NHX1187FB4F755, dream pop
ARN5NHX1187FB4F755, hard rock
ARN5NHX1187FB4F755, grunge
ARN5NHX1187FB4F755, 90s
ARN5NHX1187FB4F755, progressive rock
ARN5NHX1187FB4F755, ambient
ARN5NHX1187FB4F755, alternative
ARN5NHX1187FB4F755, rock
ARN5NHX1187FB4F755, shoegaze
ARN5NHX1187FB4F755, indie rock
ARN5NHX1187FB4F755, united states
ARN7POH1187B9B301E, pop and chart
ARNBIUE1187FB3E846, soul and reggae
ARNDB1X1187B990AA0, punk
ARNDB1X1187B990AA0, thrash metal
ARNDB1X1187B990AA0, crossover thrash
ARNDB1X1187B990AA0, metal
ARNDB1X1187B990AA0, hardcore punk
ARNDB1X1187B990AA0, usa
ARNDB1X1187B990AA0, thrash
ARNDB1X1187B990AA0, rapcore
ARNDB1X1187B990AA0, american
ARNDB1X1187B990AA0, funk metal
ARNDB1X1187B990AA0, alternative metal
ARNDL191187FB51583, american
ARNDL191187FB51583, blues rock
ARNDL191187FB51583, acid rock
ARNDL191187FB51583, guitarist
ARNDL191187FB51583, psychedelic rock
ARNDL191187FB51583, classic rock
ARNDL191187FB51583, psychadelic
ARNDL191187FB51583, classic pop and rock
ARNDL191187FB51583, 60s
ARNDL191187FB51583, united states
ARNDL191187FB51583, psychedelic
ARNDL191187FB51583, hard rock
ARNDL191187FB51583, rock
ARNDL191187FB51583, guitar god
ARNDTKL1187B9AF57C, orchestral
ARNDTKL1187B9AF57C, art rock
ARNDTKL1187B9AF57C, baroque pop
ARNDTKL1187B9AF57C, rock
ARNDTKL1187B9AF57C, pop
ARNDTKL1187B9AF57C, power pop
ARNDTKL1187B9AF57C, rock and indie
ARNE16X1187B9B2DEE, reggae
ARNE16X1187B9B2DEE, classic pop and rock
ARNFTGS1187B9A465F, los angeles
ARNFTGS1187B9A465F, punk
ARNFTGS1187B9A465F, usa
ARNFTGS1187B9A465F, classic hardcore punk
ARNFTGS1187B9A465F, hardcore punk
ARNFTGS1187B9A465F, california punk
ARNFTGS1187B9A465F, california
ARNFTGS1187B9A465F, classic punk
ARNG61X1187B98C7DF, world
ARNHHIV1187FB4EA23, british
ARNHHIV1187FB4EA23, electronic
ARNHHIV1187FB4EA23, new wave
ARNHHIV1187FB4EA23, post-punk
ARNHHIV1187FB4EA23, uk
ARNHHIV1187FB4EA23, alternative rock
ARNHHIV1187FB4EA23, manchester
ARNHHIV1187FB4EA23, salford
ARNHHIV1187FB4EA23, english
ARNHHIV1187FB4EA23, house
ARNHHIV1187FB4EA23, classic pop and rock
ARNHHIV1187FB4EA23, techno
ARNHHIV1187FB4EA23, rock
ARNHHIV1187FB4EA23, synthpop
ARNHHIV1187FB4EA23, alternative dance
ARNHHIV1187FB4EA23, britannique
ARNHMFD1187FB3B3F6, rock and indie
ARNHMFD1187FB3B3F6, hip hop
ARNILB71187B99EC88, jazz
ARNILB71187B99EC88, american
ARNJVSL1187B99AFD4, german
ARNJVSL1187B99AFD4, pop
ARNLO5S1187B9B80CC, classic pop and rock
ARNLO5S1187B9B80CC, rock
ARNMUMC1187B9A7A38, desi
ARNMUMC1187B9A7A38, bhangra
ARNMUMC1187B9A7A38, punjabi
ARNMWP51187FB3E963, funk
ARNMWP51187FB3E963, rnb
ARNMWP51187FB3E963, american
ARNMWP51187FB3E963, soul
ARNMWP51187FB3E963, soul and reggae
ARNNC731187FB55D14, hong kong
ARNNC731187FB55D14, chinese
ARNNQ9E1187FB3C82F, soul and reggae
ARNNQBT1187FB437C1, blackened death metal
ARNNQBT1187FB437C1, rock and indie
ARNNQBT1187FB437C1, black metal
ARNNQBT1187FB437C1, death metal
ARNPPTH1187B9AD429, uk
ARNPPTH1187B9AD429, british
ARNPPTH1187B9AD429, english
ARNQ7UN1187B98EE77, german
ARNRPI31187B9AC699, electronic
ARNRPI31187B9AC699, big beat
ARNSAEA1187B9B908E, salsa
ARNSAEA1187B9B908E, latin
ARNTQF31187B9A02FF, hip hop rnb and dance hall
ARNUFGE1187B9B7881, classic pop and rock
ARNV7U61187FB54DCB, taiwanese
ARNV7U61187FB54DCB, mandarin
ARNV7U61187FB54DCB, chinese
ARNVM131187B990D2B, american
ARNZ70R1187B9A4824, hard rock
ARNZ70R1187B9A4824, instrumental
ARNZ70R1187B9A4824, rock
ARNZPLV1187FB3DF5D, dancehall
ARNZPLV1187FB3DF5D, dub
ARNZPLV1187FB3DF5D, hip hop rnb and dance hall
ARO0EUG1187B9AC250, south african
ARO0QD41187FB3AB0A, classic pop and rock
ARO2U2Q119B86692A8, folk
ARO2U2Q119B86692A8, indie folk
ARO2U2Q119B86692A8, usa
ARO2U2Q119B86692A8, american
ARO2U2Q119B86692A8, amÇricain
ARO4WQR1187B9B9825, country
ARO4WQR1187B9B9825, american
ARO4WQR1187B9B9825, pop
ARO5T1P1187B9AC680, protopunk
ARO5T1P1187B9AC680, folk-rock
ARO5T1P1187B9AC680, noise rock
ARO5T1P1187B9AC680, experimental rock
ARO5T1P1187B9AC680, gothic rock
ARO5T1P1187B9AC680, art rock
ARO5T1P1187B9AC680, rock
ARO5T1P1187B9AC680, glam rock
ARO5T1P1187B9AC680, american
ARO5T1P1187B9AC680, classic pop and rock
ARO81XD1187FB38096, jazz and blues
AROATPL1187FB48E12, latvian
AROBHK51187B9AD82B, rock and indie
AROBSHL1187B9AFB01, rock and indie
ARODBRG1187FB3FD99, seen live
ARODBRG1187FB3FD99, rock and indie
ARODBRG1187FB3FD99, alternative
ARODBRG1187FB3FD99, australia
ARODFDS1187FB57348, bossa nova
ARODFDS1187FB57348, rock and indie
AROEL1B1187B988B90, american
AROEL1B1187B988B90, hip-hop
AROG07L1187FB4C826, electronic
AROG07L1187FB4C826, british
AROG07L1187FB4C826, idm
AROG07L1187FB4C826, uk
AROG07L1187FB4C826, dance and electronica
AROG07L1187FB4C826, ambient
AROG07L1187FB4C826, downtempo
AROG07L1187FB4C826, electronica
AROG07L1187FB4C826, britannique
AROG07L1187FB4C826, warp
AROG07L1187FB4C826, scottish
AROGAPH1187B98CF9C, french
AROIIF91187FB4F2D5, hip hop
AROIIF91187FB4F2D5, soul and reggae
AROIIF91187FB4F2D5, hip-hop
AROJ4RQ1187FB50102, production music
AROJAG11187B9B71A3, classic pop and rock
AROKAO61187FB38105, uk
AROKAO61187FB38105, british
AROKAO61187FB38105, english
AROKAO61187FB38105, rock and indie
AROKAO61187FB38105, downtempo
AROKAO61187FB38105, electronica
AROKAO61187FB38105, electronic
AROKAO61187FB38105, united kingdom
AROKDJ41187B9A7700, rock
AROKDJ41187B9A7700, electronica
AROKDJ41187B9A7700, american
AROKDJ41187B9A7700, electronic
AROKDJ41187B9A7700, hip-hop
AROKDJ41187B9A7700, punk rock
AROLNOH1187FB39845, hip hop rnb and dance hall
AROMB601187B991317, american
ARONPP01187B995FB5, uk
ARONPP01187B995FB5, punk
ARONPP01187B995FB5, oi
ARONPP01187B995FB5, london
ARONPP01187B995FB5, england
ARONPP01187B995FB5, classic pop and rock
AROPBVQ1187FB36581, norwegian
AROPU0111C8A414FF6, reggae
AROPU0111C8A414FF6, makafresh
AROQ9OT1187B99E88D, world
AROSI8L1187B9ACD43, political rap
AROSI8L1187B9ACD43, gangsta rap
AROSI8L1187B9ACD43, hip-hop
AROSI8L1187B9ACD43, west coast hip-hop
AROSI8L1187B9ACD43, american
AROSI8L1187B9ACD43, hip hop rnb and dance hall
AROSI8L1187B9ACD43, hip hop
AROU5DG1187FB562B5, uk
AROU5DG1187FB562B5, british
AROU5DG1187FB562B5, dance and electronica
AROVJWM1187B98E649, folk
AROY6XW1187B991121, heavy metal
AROY6XW1187B991121, hard rock
AROY6XW1187B991121, rock
AROY6XW1187B991121, american
AROY6XW1187B991121, metal
AROY6XW1187B991121, instrumental rock
AROY6XW1187B991121, archives
AROYTOV1187FB4C7F8, uk
AROYTOV1187FB4C7F8, british
AROYTOV1187FB4C7F8, production music
AROZNFA1187B99D367, house
AROZNFA1187B99D367, electronic
AROZNFA1187B99D367, progressive house
ARP39OU1187FB4D543, uk
ARP39OU1187FB4D543, british
ARP39OU1187FB4D543, english
ARP39OU1187FB4D543, classic pop and rock
ARP3CRB1187FB410B1, desi
ARP6N5A1187B99D1A3, rock
ARP6N5A1187B99D1A3, american
ARP6RUO1187FB3F1CF, wichita
ARP6RUO1187FB3F1CF, punk
ARP6RUO1187FB3F1CF, kansas
ARP6RUO1187FB3F1CF, usa
ARP7AOI1187FB518B4, icelandic
ARP7AOI1187FB518B4, post-rock
ARP7AOI1187FB518B4, electronic
ARP7AOI1187FB518B4, rock and indie
ARP7ILI1187B9AE9F7, alternative rock
ARP7ILI1187B9AE9F7, rock
ARP7ILI1187B9AE9F7, pop
ARP7ILI1187B9AE9F7, indie rock
ARP7ILI1187B9AE9F7, american
ARP7ILI1187B9AE9F7, pop and chart
ARP96FM1187B9AEA77, pop and chart
ARPAAHK1187B9ABB00, rock
ARPAAHK1187B9ABB00, alternative rock
ARPAAHK1187B9ABB00, hard rock
ARPAAHK1187B9ABB00, pop rock
ARPAAHK1187B9ABB00, canadian
ARPAAHK1187B9ABB00, pop and chart
ARPAAHK1187B9ABB00, post-grunge
ARPAL0H1187B990A8E, greek
ARPAL0H1187B990A8E, eurovision
ARPAL0H1187B990A8E, french pop
ARPAL0H1187B990A8E, japanese
ARPAL0H1187B990A8E, world
ARPAL0H1187B990A8E, european
ARPAL0H1187B990A8E, easy listening
ARPAL0H1187B990A8E, jazz
ARPAL0H1187B990A8E, folk
ARPAL0H1187B990A8E, greek folk
ARPATQ21187B9ACAFC, madchester
ARPATQ21187B9ACAFC, uk
ARPATQ21187B9ACAFC, british
ARPATQ21187B9ACAFC, english
ARPATQ21187B9ACAFC, rock and indie
ARPC5161187B9AF35C, blues
ARPDVPJ1187B9ADBE9, hip hop rnb and dance hall
ARPFHN61187FB575F6, hip hop rnb and dance hall
ARPFHN61187FB575F6, rapper
ARPFHN61187FB575F6, hip-hop
ARPGOAF1187B98F677, greek
ARPGQ9A1187FB4D0AD, classic pop and rock
ARPGTHP1187B9AC284, hard rock
ARPGTHP1187B9AC284, grunge
ARPGTHP1187B9AC284, alternative rock
ARPGTHP1187B9AC284, rock
ARPGTHP1187B9AC284, american
ARPISA41187FB3DE42, classic pop and rock
ARPISA41187FB3DE42, classic rock
ARPKK761187FB4D53C, punk
ARPKK761187FB4D53C, usa
ARPKMIM1187FB397DE, uk
ARPKMIM1187FB397DE, punk
ARPKMIM1187FB397DE, england
ARPKMIM1187FB397DE, bournemouth
ARPKMIM1187FB397DE, anarcho
ARPNY981187B9ACB75, folk metal
ARPNY981187B9ACB75, swiss
ARPNY981187B9ACB75, melodic death metal
ARPNY981187B9ACB75, celtic metal
ARPNY981187B9ACB75, gaulish lyrics
ARPNY981187B9ACB75, metal
ARPQ4Z01187FB3A736, texas
ARPQ4Z01187FB3A736, san antonio
ARPQ4Z01187FB3A736, punk
ARPQ4Z01187FB3A736, usa
ARPUBU61187B98A4E6, harmonica blues
ARPUBU61187B98A4E6, rock
ARPUBU61187B98A4E6, british blues
ARPUBU61187B98A4E6, british
ARPUBU61187B98A4E6, electric blues
ARPUBU61187B98A4E6, blues rock
ARPUBU61187B98A4E6, classic pop and rock
ARPUEAL1187FB57814, southern rock
ARPUEAL1187FB57814, blues rock
ARPUEAL1187FB57814, hard rock
ARPUEAL1187FB57814, rock
ARPVMJZ1187FB48D2D, salsa
ARPVMJZ1187FB48D2D, latin
ARPXDY61187B9AD0A8, folk
ARPXDY61187B9AD0A8, irish
ARPXDY61187B9AD0A8, celtic
ARPYIBX1187B9B113E, melodic death metal
ARPYIBX1187B9B113E, swedish
ARPYIBX1187B9B113E, death metal
ARPYIBX1187B9B113E, rock and indie
ARPYIBX1187B9B113E, gothenburg metal
ARPYIBX1187B9B113E, metal
ARQ2PMX1187FB38D62, chinese
ARQ3VBJ1187FB3FE55, italian
ARQ3VBJ1187FB3FE55, european
ARQ76LG1187B9ACD84, hardcore punk
ARQ76LG1187B9ACD84, california
ARQ76LG1187B9ACD84, hermosa beach
ARQ76LG1187B9ACD84, usa
ARQ76LG1187B9ACD84, rock and indie
ARQ76LG1187B9ACD84, classic hardcore punk
ARQ76LG1187B9ACD84, california punk
ARQ76LG1187B9ACD84, classic punk
ARQ76LG1187B9ACD84, punk
ARQ94H11187FB533BD, turkish
ARQ94H11187FB533BD, popstar alaturka
ARQATWU1187B98EE26, new metal
ARQCHDN1187FB4C7C2, brazil
ARQDWBG1187B9891D7, industrial rock
ARQDWBG1187B9891D7, norwegian
ARQF6NE1187FB55EF7, folk
ARQFPFK1187FB533E1, classic pop and rock
ARQFPFK1187FB533E1, folk
ARQILMW1187B9890DA, country
ARQKXX41187FB4EB0E, rap
ARQL2SZ1187B99244B, american
ARQMYTM1187FB4678C, erroll garner
ARQMYTM1187FB4678C, folk
ARQOATR1187B9AE959, rock and indie
ARQPT7O1187B9AAF4F, classic pop and rock
ARQQP3Z1187FB5707B, german
ARQRD391187FB5515A, uk
ARQRD391187FB5515A, punk
ARQRD391187FB5515A, london
ARQRD391187FB5515A, england
ARQRD391187FB5515A, rock
ARQRD391187FB5515A, punk rock
ARQRD391187FB5515A, british
ARQRD391187FB5515A, english
ARQRQRA12131B4B5A8, college rock
ARQRQRA12131B4B5A8, alternative rock
ARQRQRA12131B4B5A8, rock
ARQRQRA12131B4B5A8, american
ARQRQRA12131B4B5A8, rock and indie
ARQUMH41187B9AF699, rap rock
ARQUMH41187B9AF699, rock
ARQUMH41187B9AF699, alternative rock
ARQUMH41187B9AF699, nu metal
ARQUMH41187B9AF699, rapcore
ARQUMH41187B9AF699, american
ARQUMH41187B9AF699, rock and indie
ARQUMH41187B9AF699, united states
ARQUMH41187B9AF699, new metal
ARQUMH41187B9AF699, rap metal
ARQUMH41187B9AF699, nu-metal
ARQUMH41187B9AF699, amÇricain
ARQUMH41187B9AF699, metal
ARQUMH41187B9AF699, industrial rock
ARQUMH41187B9AF699, usa
ARQUMH41187B9AF699, alternative metal
ARQXAUH1187B9BA010, classic pop and rock
ARQXC7V1187FB4DA9E, alternative rock
ARQXC7V1187FB4DA9E, rock
ARQXC7V1187FB4DA9E, jam band
ARQXC7V1187FB4DA9E, american
ARQXR6R1187FB46FD6, american underground
ARQXR6R1187FB46FD6, classic pop and rock
ARQY95Q1187FB3E53A, rock and indie
ARR1R5V1187FB4D234, pop and chart
ARR2BHS1187B9B8FA7, american
ARR2BHS1187B9B8FA7, rock and indie
ARR2TI31187FB380FE, classic pop and rock
ARR46IW1187FB51C2E, production music
ARR6LWJ1187FB44C8B, alternative rock
ARR6LWJ1187FB44C8B, rock
ARR6LWJ1187FB44C8B, amÇricain
ARR6LWJ1187FB44C8B, usa
ARR6LWJ1187FB44C8B, jangle pop
ARR6LWJ1187FB44C8B, rock and indie
ARR6LWJ1187FB44C8B, pop rock
ARR6LWJ1187FB44C8B, georgia
ARR6LWJ1187FB44C8B, athens
ARR6LWJ1187FB44C8B, american
ARR6LWJ1187FB44C8B, college rock
ARR6MOS1187B994C51, suÇdois
ARR6MOS1187B994C51, garage rock
ARR6MOS1187B994C51, swedish
ARR6MOS1187B994C51, scandinavia
ARR6MOS1187B994C51, suäde
ARR6MOS1187B994C51, scandinave
ARR6MOS1187B994C51, scandinavie
ARR6MOS1187B994C51, scandinavian
ARR6MOS1187B994C51, sweden
ARR6MOS1187B994C51, swedish rock
ARR9XGB1187B9912E6, soul and reggae
ARRBF3M1187FB4D59F, pop and chart
ARRBF3M1187FB4D59F, emo
ARRBF3M1187FB4D59F, united states
ARRBT8X1187FB3D242, punk
ARRBT8X1187FB3D242, usa
ARRDRI71187FB46EAA, warp
ARRDRI71187FB46EAA, classic pop and rock
ARRH2S81187B98C8AA, american
ARRH2S81187B98C8AA, sludge metal
ARRH2S81187B98C8AA, metal
ARRH2S81187B98C8AA, doom metal
ARRH2S81187B98C8AA, stoner metal
ARRH63Y1187FB47783, hip-hop
ARRH63Y1187FB47783, american
ARRH63Y1187FB47783, hip hop rnb and dance hall
ARRH63Y1187FB47783, rapper
ARRH63Y1187FB47783, us
ARRH63Y1187FB47783, producer
ARRHVGT1187B98D603, german
ARRHVGT1187B98D603, german hip-hop
ARRHVGT1187B98D603, hip-hop
ARRHVGT1187B98D603, rap
ARRJ3UC1187FB579D7, hip hop rnb and dance hall
ARRJNTE1187FB44E12, dance and electronica
ARRM70G1187B9A7F64, blues
ARRMOXN122988EE92C, production music
ARRNO111187B9B3FC9, hip hop rnb and dance hall
ARROQSO1187B9AEB80, post-punk
ARROQSO1187B9AEB80, rock
ARROQSO1187B9AEB80, american
ARROQSO1187B9AEB80, art punk
ARROQSO1187B9AEB80, punk rock
ARROQSO1187B9AEB80, new wave
ARROQSO1187B9AEB80, classic pop and rock
ARROQSO1187B9AEB80, punk
ARROQSO1187B9AEB80, alternative
ARROQSO1187B9AEB80, usa
ARRQWQW1187FB49844, hip hop
ARRT66G1187FB3DDF9, classic pop and rock
ARRT66G1187FB3DDF9, blues
ARRTP2G1187B9AF916, taiwanese
ARRTP2G1187B9AF916, mandarin
ARRTP2G1187B9AF916, chinese
ARRU9GR1187FB43F56, prewar blues
ARRU9GR1187FB43F56, blues
ARRU9GR1187FB43F56, acoustic blues
ARRUGT71187B98F222, taiwanese
ARRUGT71187B98F222, pop
ARRUGT71187B98F222, mandarin
ARRUGT71187B98F222, chinese
ARRWAD71187FB3FE44, rock and indie
ARRXADQ1187FB38F22, uk
ARRXADQ1187FB38F22, punk
ARRXADQ1187FB38F22, london
ARRXADQ1187FB38F22, england
ARRXADQ1187FB38F22, oi
ARRXG5Y1187B9AA016, hip hop rnb and dance hall
ARRZZRW1187B9A06E3, production music
ARS1OWB1187B99EEAD, punk
ARS1OWB1187B99EEAD, usa
ARS1OWB1187B99EEAD, classic pop and rock
ARS1OWB1187B99EEAD, protopunk
ARS1OWB1187B99EEAD, rock
ARS1OWB1187B99EEAD, american
ARS1OWB1187B99EEAD, punk rock
ARS1OWB1187B99EEAD, glam punk
ARS54I31187FB46721, taylor-swift
ARS54I31187FB46721, country
ARS6L1E1187FB585B6, european
ARS6L1E1187FB585B6, german
ARS86AJ1187B9B4225, american
ARS86AJ1187B9B4225, psychedelic rock
ARS86AJ1187B9B4225, rock
ARS86AJ1187B9B4225, acid rock
ARS86AJ1187B9B4225, blues rock
ARS86AJ1187B9B4225, classic pop and rock
ARS86AJ1187B9B4225, hard rock
ARS86AJ1187B9B4225, folk
ARS8WH31187B9B8B04, brazilian
ARSC6WR1187FB40B18, jazz
ARSC6WR1187FB40B18, american
ARSC6WR1187FB40B18, pop
ARSC6WR1187FB40B18, easy listening soundtracks and musicals
ARSC6WR1187FB40B18, female vocalist
ARSE5NP1187B9B98AB, hip hop rnb and dance hall
ARSE6YI1187B9B9CD2, jazz and blues
ARSF0K11187B9AF319, production music
ARSG7NQ1187FB57482, pop rock
ARSG7NQ1187FB57482, pop punk
ARSG7NQ1187FB57482, pop and chart
ARSG7NQ1187FB57482, post-emo
ARSG7NQ1187FB57482, emo-pop
ARSHZBZ1187B98A445, blues rock
ARSL3N21187B98DFC5, german
ARSL3N21187B98DFC5, soundtrack
ARSL3N21187B98DFC5, german composer
ARSL3N21187B98DFC5, european
ARSL3N21187B98DFC5, composer
ARSL3N21187B98DFC5, film composer
ARSL5SP1187B9A7AE0, hip hop rnb and dance hall
ARSM2YU1187B99D602, indie pop
ARSM2YU1187B99D602, ccm
ARSM2YU1187B99D602, mexican
ARSM2YU1187B99D602, rock
ARSM2YU1187B99D602, american
ARSM2YU1187B99D602, latin pop
ARSM2YU1187B99D602, pop
ARSO8M21187B99C7EE, rock
ARSO8M21187B99C7EE, progressive rock
ARSPQ0H1187B999944, classic pop and rock
ARSPQ0H1187B999944, rock
ARSPUJF1187B9A14B8, indie rock
ARSPUJF1187B9A14B8, american
ARSPUJF1187B9A14B8, indie pop
ARSPUJF1187B9A14B8, usa
ARSPUJF1187B9A14B8, dream pop
ARSPUJF1187B9A14B8, twee pop
ARSPUJF1187B9A14B8, rock and indie
ARSPUJF1187B9A14B8, ben gibbard
ARSPUJF1187B9A14B8, rock
ARSPUJF1187B9A14B8, amÇricain
ARSQDUN1187B98D7D7, hip hop
ARSQIM51187B9B460E, finnish
ARSSR8L1187B990BC5, dance and electronica
ARSTA431187B9A3599, rock and indie
ARSTH0R1187B98951E, black metal
ARSTH0R1187B98951E, finnish
ARSTH0R1187B98951E, folk metal
ARSTH0R1187B98951E, pagan metal
ARSTH0R1187B98951E, finland
ARSTH0R1187B98951E, viking metal
ARSTH0R1187B98951E, metal
ARSW5F51187FB4CFC9, grunge
ARSW5F51187FB4CFC9, alternative metal
ARSW5F51187FB4CFC9, hard rock
ARSW5F51187FB4CFC9, rock
ARSW5F51187FB4CFC9, metal
ARSW5F51187FB4CFC9, amÇricain
ARSW5F51187FB4CFC9, usa
ARSW5F51187FB4CFC9, heavy metal
ARSW5F51187FB4CFC9, american
ARSWXNX1187FB3D04E, world
ARSX6IX1187B9B640C, classic pop and rock
ARSYOWS1187FB41157, rock and indie
ARSZ6MA1187FB43D29, hip hop rnb and dance hall
ARSZ6MA1187FB43D29, hip hop
ARSZIBW1187B994053, american
ARSZIBW1187B994053, soundtrack
ARSZX2G1187B98FCCF, folk metal
ARSZX2G1187B98FCCF, finnish
ARSZX2G1187B98FCCF, metal
ART35UC1187FB4CC25, classic pop and rock
ART3KT21187FB450DC, italian
ART3KT21187FB450DC, soundtrack
ART3KT21187FB450DC, classical
ART3KT21187FB450DC, european
ART3KT21187FB450DC, soundtrack composer
ART3KT21187FB450DC, easy listening soundtracks and musicals
ART3KT21187FB450DC, rome
ART3O5Z1187B9AB043, jazz and blues
ART4EPR1187FB38772, ambient
ART4EPR1187FB38772, british
ART4EPR1187FB38772, experimental rock
ART4EPR1187FB38772, rock
ART4EPR1187FB38772, electronic
ART4EPR1187FB38772, uk
ART4EPR1187FB38772, britannique
ART4EPR1187FB38772, classic pop and rock
ART4EPR1187FB38772, united kingdom
ART4EPR1187FB38772, electronica
ART4QZC1187FB51612, pop and chart
ART4QZC1187FB51612, the queen
ART4QZC1187FB51612, janet-jackson
ART59BB1187FB3866E, death metal
ART59BB1187FB3866E, metalcore
ART59BB1187FB3866E, deathcore
ART59BB1187FB3866E, american
ART59BB1187FB3866E, metal
ART5MUE1187B98C961, metal
ART5MUE1187B98C961, thrash metal
ART5MUE1187B98C961, american
ART5MUE1187B98C961, heavy metal
ART5MUE1187B98C961, hard rock
ART5MUE1187B98C961, rock
ART5MUE1187B98C961, speed metal
ART5MUE1187B98C961, 80s
ART5MUE1187B98C961, seen live
ART5MUE1187B98C961, rock and indie
ART5MUE1187B98C961, thrash
ART5MUE1187B98C961, amÇricain
ART5MUE1187B98C961, usa
ART5MUE1187B98C961, trash-metal
ART5MUE1187B98C961, douchebag metal
ART5MUE1187B98C961, american thrash metal
ART5MUE1187B98C961, 90s
ART62WC1187FB47E80, hip hop rnb and dance hall
ART70HI1187B9A37BC, blues
ART70HI1187B9A37BC, classic pop and rock
ART70HI1187B9A37BC, chicago blues
ART70HI1187B9A37BC, electric blues
ART7R7N1187B9B999C, wu-tang
ART7R7N1187B9B999C, us
ART7R7N1187B9B999C, hiphop
ART8F8O1187B9A538D, karajan
ART8F8O1187B9A538D, german
ARTB5PP1187FB523B7, rock and indie
ARTBFV61187FB3C250, country
ARTBFV61187FB3C250, american
ARTBFV61187FB3C250, greatest hits
ARTC5DW1187B98FCF2, breaks
ARTC5DW1187B98FCF2, london
ARTC5DW1187B98FCF2, british
ARTC5DW1187B98FCF2, dance and electronica
ARTDQRC1187FB4EFD4, pop and chart
ARTDQRC1187FB4EFD4, pop
ARTDQRC1187FB4EFD4, will i am
ARTDQRC1187FB4EFD4, fergie
ARTDQRC1187FB4EFD4, united states
ARTDUXM1187B9899ED, blues
ARTDUXM1187B9899ED, delta blues
ARTE9CG1187B99B1AF, performance name
ARTE9CG1187B99B1AF, american
ARTE9CG1187B99B1AF, hip-hop
ARTE9CG1187B99B1AF, hip hop rnb and dance hall
ARTEGHH1187FB435C8, world
ARTH9041187FB43E1F, hip-hop
ARTH9041187FB43E1F, detroit hip-hop
ARTH9041187FB43E1F, american
ARTH9041187FB43E1F, pop and chart
ARTH9041187FB43E1F, us
ARTH9041187FB43E1F, hiphop
ARTH9041187FB43E1F, 8 mile
ARTH9041187FB43E1F, midwest hip-hop
ARTH9041187FB43E1F, hip hop
ARTHWIZ1187FB4258D, uk
ARTHWIZ1187FB4258D, australian
ARTHWIZ1187FB4258D, british
ARTHWIZ1187FB4258D, english
ARTJJZZ1187B9BA5E7, production music
ARTL6FB1187FB4EAA7, us
ARTL6FB1187FB4EAA7, hiphop
ARTL6FB1187FB4EAA7, hip hop
ARTM0RS1187B9A0BE6, hip hop rnb and dance hall
ARTM0RS1187B9A0BE6, reggae
ARTM0RS1187B9A0BE6, dancehall
ARTM0RS1187B9A0BE6, jamaican
ARTML781187B9AF080, conductor
ARTO6KU1187B99910C, french
ARTO6KU1187B99910C, pop
ARTPCQ41187B9AB42C, punk
ARTPCQ41187B9AB42C, new jersey
ARTPCQ41187B9AB42C, usa
ARTPCQ41187B9AB42C, new brunswick
ARTPDRF1187B9A46DB, taiwanese
ARTPDRF1187B9A46DB, chinese
ARTR7971187FB4CF69, punk
ARTR7971187FB4CF69, usa
ARTR7971187FB4CF69, cleveland
ARTSGR41187B9912C6, heavy metal
ARTSGR41187B9912C6, amÇricain
ARTSGR41187B9912C6, usa
ARTSGR41187B9912C6, american
ARTSGR41187B9912C6, metal
ARTW7I31187B9A4CA9, sillyname
ARTW7I31187B9A4CA9, warp
ARTW7I31187B9A4CA9, alternative rock
ARTW7I31187B9A4CA9, rock and indie
ARTWPGO1187FB52DC3, hip hop rnb and dance hall
ARTXS851187FB411C7, uk
ARTXS851187FB411C7, british
ARTXS851187FB411C7, english
ARTXS851187FB411C7, classic pop and rock
ARTYXQC1187B9ACAB2, jamaican
ARTYXQC1187B9ACAB2, pop and chart
ARU0XZY1187FB4002B, turkish
ARU5CP31187FB44C3A, country
ARU5CP31187FB44C3A, folk
ARU9KWP1187B98B2A7, hip hop rnb and dance hall
ARUCK7I1187B9B331D, greek
ARUE3AK1187B9AC923, classic pop and rock
ARUEYGC1187FB3D94B, classic pop and rock
ARUF32D1187B9B157E, metal
ARUF32D1187B9B157E, melodic death metal
ARUF71J1187FB511C1, saxaphone
ARUFRGT1187B98ED43, argentine
ARUGU0E1187B9B30F6, hard rock
ARUGU0E1187B9B30F6, psychedelic rock
ARUGU0E1187B9B30F6, rock
ARUGU0E1187B9B30F6, acid rock
ARUGU0E1187B9B30F6, american
ARUGU0E1187B9B30F6, blues rock
ARUGU0E1187B9B30F6, classic pop and rock
ARUHT3M1187FB44FB4, alternative rock
ARUHT3M1187FB44FB4, christian rock
ARUHT3M1187FB44FB4, rock
ARUHT3M1187FB44FB4, british
ARUI8651187B9ACF52, british
ARUI8651187B9ACF52, drone
ARUI8651187B9ACF52, art rock
ARUI8651187B9ACF52, rock
ARUI8651187B9ACF52, experimental rock
ARUI8651187B9ACF52, uk
ARUI8651187B9ACF52, welsh
ARUI8651187B9ACF52, protopunk
ARUI8651187B9ACF52, classic pop and rock
ARUJ5A41187FB3F5F1, irish
ARUJ5A41187FB3F5F1, rock
ARUJ5A41187FB3F5F1, ireland
ARUJ5A41187FB3F5F1, irlandais
ARUJ5A41187FB3F5F1, classic pop and rock
ARUJ5A41187FB3F5F1, Çire
ARUJ5A41187FB3F5F1, irlande
ARUJZFJ1187B9B135F, canadian
ARUJZFJ1187B9B135F, country
ARUJZFJ1187B9B135F, country-rock
ARUJZFJ1187B9B135F, rock
ARUJZFJ1187B9B135F, pop
ARUJZFJ1187B9B135F, country pop
ARUKN9H1187B9B71C8, southern rock
ARUKN9H1187B9B71C8, hard rock
ARUKN9H1187B9B71C8, rock
ARUKN9H1187B9B71C8, jam band
ARUKN9H1187B9B71C8, blues rock
ARUKN9H1187B9B71C8, rock and indie
ARUL0VB1187B9A01AA, finnish
ARUP17W1187B98CAB9, swing
ARUP17W1187B98CAB9, bossa nova
ARUP17W1187B98CAB9, latin jazz
ARUP17W1187B98CAB9, brazilian
ARUP17W1187B98CAB9, jazz
ARUP17W1187B98CAB9, american
ARUP17W1187B98CAB9, brazilian jazz
ARUQ6301187FB54EBA, soul and reggae
ARUQ6301187FB54EBA, hip hop
ARUSOMY1187FB4D3B4, punk rock
ARUSOMY1187FB4D3B4, american
ARUSOMY1187FB4D3B4, usa
ARUSOMY1187FB4D3B4, rock
ARUSOMY1187FB4D3B4, hardcore punk
ARUSOMY1187FB4D3B4, amÇricain
ARUSOMY1187FB4D3B4, punk
ARUSOMY1187FB4D3B4, pittsburgh
ARUSOMY1187FB4D3B4, glenshaw
ARUUP4L1187B9B72EB, avant-garde
ARUUP4L1187B9B72EB, american
ARUW6HS1187FB3F028, world
ARUWB5W1187B98D7A1, finnish
ARUYVDC12086C11D5C, sverige
ARUZL121187FB4B42D, alternative rock
ARUZL121187FB4B42D, columbus
ARUZL121187FB4B42D, usa
ARUZL121187FB4B42D, ohio
ARUZLXZ1187FB3BFF1, horror punk
ARUZLXZ1187FB3BFF1, american
ARV1JVD1187B9AD195, easy listening soundtracks and musicals
ARV1JVD1187B9AD195, folk
ARV2F621187B993BF6, folk
ARV38Z81187B98E608, ireland
ARV38Z81187B98E608, punk
ARV3CRH1187B9A1B21, punk rock
ARV3CRH1187B9A1B21, american
ARV3CRH1187B9A1B21, punk
ARV3CRH1187B9A1B21, rock
ARV3CRH1187B9A1B21, pop punk
ARV3CRH1187B9A1B21, usa
ARV3CRH1187B9A1B21, united states
ARV3CRH1187B9A1B21, pop-punk
ARV3CRH1187B9A1B21, ska punk
ARV3CRH1187B9A1B21, alternative rock
ARV3CRH1187B9A1B21, pop and chart
ARV3CRH1187B9A1B21, amÇricain
ARV3CRH1187B9A1B21, punk pop
ARV3CRH1187B9A1B21, pop
ARV4BPJ1187B99C978, country
ARV4BPJ1187B99C978, american
ARV4BPJ1187B99C978, folk
ARV69FI1187B9AA14F, finnish
ARV8T9T1187B99F3F4, finnish
ARVAWTX1187B9A9990, greek
ARVBP9K1187FB48254, rock and indie
ARVBRGZ1187FB4675A, ska punk
ARVBRGZ1187FB4675A, pop rock
ARVBRGZ1187FB4675A, rnb
ARVBRGZ1187FB4675A, rock
ARVBRGZ1187FB4675A, pop rap
ARVBRGZ1187FB4675A, dance-pop
ARVBRGZ1187FB4675A, pop
ARVBRGZ1187FB4675A, new wave
ARVBRGZ1187FB4675A, american
ARVBRGZ1187FB4675A, pop and chart
ARVBRGZ1187FB4675A, no doubt
ARVBRGZ1187FB4675A, united states
ARVFGPJ1187B9A2477, chinese
ARVG4OK1187B9B6BD3, rock and indie
ARVG4OK1187B9B6BD3, united states
ARVG4OK1187B9B6BD3, alternative rock
ARVG4OK1187B9B6BD3, american
ARVG4OK1187B9B6BD3, usa
ARVG4OK1187B9B6BD3, heartland rock
ARVG4OK1187B9B6BD3, amÇricain
ARVG8T61187FB440EB, folk
ARVLMSG1187B98E07E, classic pop and rock
ARVMFE61187B992463, gospel
ARVML631187B99E90D, classic pop and rock
ARVML631187B99E90D, united states
ARVN9FZ1187FB393F1, northern irish
ARVN9FZ1187FB393F1, uk
ARVN9FZ1187FB393F1, scottish
ARVN9FZ1187FB393F1, british
ARVN9FZ1187FB393F1, pop and chart
ARVNGA71187FB3C107, country pop
ARVNGA71187FB3C107, country
ARVNK831187FB48831, swiss
ARVNK831187FB48831, swedish
ARVQTZP1187FB40283, ambient
ARVQZNK11E2835CDAC, classic pop and rock
ARVSQHB1187B992FF0, new metal
ARVTWQ11187B9A6A24, video game
ARVTWQ11187B9A6A24, american
ARVTWQ11187B9A6A24, soundtrack
ARVUAJC1187B9908A5, uk
ARVUAJC1187B9908A5, punk
ARVUN5F1187FB4CCC7, soul and reggae
ARVV4Y41187B995F04, deepest blue
ARVV4Y41187B995F04, data records
ARVV4Y41187B995F04, joel edwards
ARVV4Y41187B995F04, destined records
ARVV4Y41187B995F04, matt schwartz
ARVV61U1187FB4FC32, australia
ARVXKTV1187FB44139, mathcore
ARVXKTV1187FB44139, grindcore
ARVXKTV1187FB44139, sucky
ARVXKTV1187FB44139, experimental
ARVXKTV1187FB44139, american
ARVXKTV1187FB44139, metal
ARVXU2X1187B9AE6D8, alternative rock
ARVXU2X1187B9AE6D8, rock
ARVXU2X1187B9AE6D8, american
ARVXU2X1187B9AE6D8, pop and chart
ARVXU2X1187B9AE6D8, united states
ARVXU2X1187B9AE6D8, amy lee
ARVXU2X1187B9AE6D8, alternative metal
ARVXU2X1187B9AE6D8, metal
ARVXU2X1187B9AE6D8, ben moody
ARVXU2X1187B9AE6D8, new metal
ARVXV1J1187FB5BF88, math rock
ARVXV1J1187FB5BF88, uk
ARVXV1J1187FB5BF88, oxford
ARVXV1J1187FB5BF88, united kingdom
ARVXV1J1187FB5BF88, parolier
ARVXV1J1187FB5BF88, compositeur
ARVXV1J1187FB5BF88, lyricist
ARVXV1J1187FB5BF88, rock and indie
ARVXV1J1187FB5BF88, composer
ARVZDOM1187B9B49C9, soft rock
ARVZDOM1187B9B49C9, popular
ARVZDOM1187B9B49C9, rock
ARVZDOM1187B9B49C9, american
ARVZDOM1187B9B49C9, easy listening soundtracks and musicals
ARVZWQ31187B9B8946, alternative rock
ARVZWQ31187B9B8946, rock
ARVZWQ31187B9B8946, art punk
ARVZWQ31187B9B8946, dance-punk
ARVZWQ31187B9B8946, noise rock
ARVZWQ31187B9B8946, experimental rock
ARVZWQ31187B9B8946, rock and indie
ARW040W1187FB51082, french
ARW071B1187B9A603C, punk
ARW071B1187B9A603C, california
ARW071B1187B9A603C, usa
ARW071B1187B9A603C, poway
ARW0YFZ1187FB442DB, russian
ARW0Z9V1187B9A0699, reggae
ARW0Z9V1187B9A0699, rasta
ARW0Z9V1187B9A0699, jamaican
ARW1DZQ1187B9A18E0, folk
ARW1MUW1187FB4D5A1, alternative rock
ARW1MUW1187FB4D5A1, southern rock
ARW1MUW1187FB4D5A1, hard rock
ARW1MUW1187FB4D5A1, rock
ARW1MUW1187FB4D5A1, post-grunge
ARW1WST1187FB384DA, finnish
ARW5IF01187B9AEA98, classic pop and rock
ARW63KF1187B98AC48, french
ARW644S1187B9B4924, greek
ARW644S1187B9B4924, electronica
ARW70HR1187B9A358C, mÇxico
ARW70HR1187B9A358C, espa§ol
ARW7K0P1187B9B5B47, college rock
ARW7K0P1187B9B5B47, alternative rock
ARW7K0P1187B9B5B47, comedy rock
ARW7K0P1187B9B5B47, rock
ARW7K0P1187B9B5B47, power pop
ARW7K0P1187B9B5B47, canadian
ARW7K0P1187B9B5B47, classic pop and rock
ARW90Y31187B98FC7C, punk
ARW90Y31187B98FC7C, belgium
ARW9FP41187B98C2A7, rock
ARW9FP41187B98C2A7, soul
ARW9FP41187B98C2A7, pop
ARW9FP41187B98C2A7, uk
ARW9FP41187B98C2A7, scottish
ARW9FP41187B98C2A7, british
ARW9FP41187B98C2A7, classic pop and rock
ARW9QSZ1187FB4B93E, british
ARW9QSZ1187FB4B93E, english
ARW9QSZ1187FB4B93E, rock
ARW9QSZ1187FB4B93E, pop
ARW9QSZ1187FB4B93E, classic pop and rock
ARW9QSZ1187FB4B93E, my sweet lord
ARW9QSZ1187FB4B93E, folk
ARW9QSZ1187FB4B93E, uk
ARW9QSZ1187FB4B93E, united kingdom
ARWA6NT1187FB3F15C, new wave
ARWA6NT1187FB3F15C, british
ARWA6NT1187FB3F15C, post-punk
ARWA6NT1187FB3F15C, uk
ARWA6NT1187FB3F15C, goth
ARWA6NT1187FB3F15C, english
ARWA6NT1187FB3F15C, rock
ARWA6NT1187FB3F15C, gothic rock
ARWA6NT1187FB3F15C, alternative rock
ARWA6NT1187FB3F15C, pop
ARWA6NT1187FB3F15C, alternative
ARWA6NT1187FB3F15C, england
ARWA6NT1187FB3F15C, crawley
ARWA6NT1187FB3F15C, classic pop and rock
ARWA6NT1187FB3F15C, gothic
ARWA6NT1187FB3F15C, britannique
ARWA8AH1187FB3FC84, uk
ARWA8AH1187FB3FC84, british
ARWA8AH1187FB3FC84, english
ARWA8AH1187FB3FC84, dance and electronica
ARWAPYC1187FB3FCAF, french
ARWAPYC1187FB3FCAF, french metal
ARWAPYC1187FB3FCAF, metal
ARWC1WN1187FB516CE, rock and indie
ARWC1WN1187FB516CE, hip hop
ARWD25M1187FB4C563, uk
ARWD25M1187FB4C563, british
ARWD25M1187FB4C563, english
ARWD25M1187FB4C563, jazz and blues
ARWD25M1187FB4C563, i heard love is blind
ARWD3OC1187FB3A666, rock and indie
ARWD82K1187B98CFF2, american
ARWD82K1187B98CFF2, indie rock
ARWD82K1187B98CFF2, rock and indie
ARWDEEB11E2835E73C, uk
ARWDEEB11E2835E73C, british
ARWDEEB11E2835E73C, english
ARWDEEB11E2835E73C, classic pop and rock
ARWDP431187FB56492, comedy
ARWDP431187FB56492, fictional
ARWF1KM1187B9908CA, ndw
ARWF1KM1187B9908CA, german
ARWG0541187FB364EC, spanish
ARWG0541187FB364EC, european
ARWIGX11187FB3AC96, norwegian
ARWJAQ81187FB46F73, black metal
ARWJAQ81187FB46F73, atmospheric black metal
ARWJAQ81187FB46F73, romanian
ARWJEOP1187B996538, smooth jazz
ARWK5QH1187B9A9B7F, pop and chart
ARWNJYQ1187FB56F25, french
ARWNRBH1187B9B7E68, french
ARWNRBH1187B9B7E68, composer
ARWONOR1187FB3817C, canadian
ARWPYQI1187FB4D55A, uk
ARWPYQI1187FB4D55A, british
ARWPYQI1187FB4D55A, english
ARWPYQI1187FB4D55A, classic pop and rock
ARWQ3M31187FB4CF01, classic pop and rock
ARWQ3W11187FB3F35E, blues
ARWQ3W11187FB3F35E, folk
ARWQ3W11187FB3F35E, singer songwriter
ARWRS4D1187FB3FCD4, finnish
ARWRS4D1187FB3FCD4, humppa
ARWSCGO1269FCD5E49, nl
ARWSCGO1269FCD5E49, hiphop
ARWSMC91187B9AD369, rock and indie
ARWSMC91187B9AD369, uk
ARWSMC91187B9AD369, indie
ARWSMC91187B9AD369, pop
ARWSMC91187B9AD369, swansea
ARWSMC91187B9AD369, wales
ARWVOHH1187FB5974B, classic pop and rock
ARWX5TK1187FB4CDBE, british
ARWX5TK1187FB4CDBE, rock
ARWX5TK1187FB4CDBE, uk
ARWX5TK1187FB4CDBE, british invasion
ARWX5TK1187FB4CDBE, english
ARWX5TK1187FB4CDBE, classic pop and rock
ARWX5TK1187FB4CDBE, hard rock
ARWX5TK1187FB4CDBE, britannique
ARWX5TK1187FB4CDBE, art rock
ARWY7I71187FB36C3D, classic pop and rock
ARWZE8O1187B9B8480, classical
ARWZE8O1187B9B8480, american
ARWZE8O1187B9B8480, soundtrack
ARWZE8O1187B9B8480, easy listening soundtracks and musicals
ARWZE8O1187B9B8480, check it
ARX134S1187FB46E56, pop and chart
ARX14WH1187FB50649, uk
ARX14WH1187FB50649, british
ARX14WH1187FB50649, english
ARX2DLI1187FB4DD03, rock and indie
ARX2DLI1187FB4DD03, electroclash
ARX2DLI1187FB4DD03, rock
ARX2DLI1187FB4DD03, australian
ARX2DLI1187FB4DD03, electronic
ARX2DLI1187FB4DD03, electro
ARX4D1E1187B9A9C4D, christian
ARX6TAQ11C8A415850, pop
ARX6TAQ11C8A415850, united states
ARX6TAQ11C8A415850, amÇricain
ARX6TAQ11C8A415850, american
ARX6TAQ11C8A415850, the fame
ARX6TAQ11C8A415850, electronic
ARX6TAQ11C8A415850, electropop
ARX6TAQ11C8A415850, usa
ARX9YIP1187B98A656, hip-hop
ARX9YIP1187B98A656, rock and indie
ARX9YIP1187B98A656, hip hop
ARX9YIP1187B98A656, rap
ARXAFO11187B9AEBFE, rock and indie
ARXAHU31187B9B1520, dubstep
ARXAHU31187B9B1520, dark ambient
ARXAHU31187B9B1520, producers
ARXB7B21187B98BEF0, latin
ARXB7B21187B98BEF0, pop
ARXBM4N1187B98ECA5, folk
ARXDQJB1187FB57154, british
ARXDQJB1187FB57154, electronic
ARXDQJB1187FB57154, trance
ARXDQJB1187FB57154, techno
ARXDQJB1187FB57154, trip-hop
ARXDQJB1187FB57154, london
ARXDQJB1187FB57154, dance and electronica
ARXDQJB1187FB57154, maxi jazz
ARXDQJB1187FB57154, rap
ARXDQJB1187FB57154, united kingdom
ARXDQJB1187FB57154, house
ARXFAOQ1187B9A3616, jamaican
ARXFAOQ1187B9A3616, rock and indie
ARXFWVC1187B98ED6B, producer
ARXFWVC1187B98ED6B, rock
ARXFWVC1187B98ED6B, songwriter
ARXFWVC1187B98ED6B, pop
ARXG6L11187FB5695E, desi
ARXG6L11187FB5695E, electro
ARXGASQ1187FB3C727, hip hop rnb and dance hall
ARXGWNG1187FB503A5, pop and chart
ARXI7WU1187FB4D75E, malian
ARXI7WU1187FB4D75E, african
ARXI7WU1187FB4D75E, world
ARXJJSN1187B98CB37, rnb
ARXJJSN1187B98CB37, gospel
ARXJJSN1187B98CB37, american
ARXJJSN1187B98CB37, soul
ARXJJSN1187B98CB37, adult contemporary
ARXJJSN1187B98CB37, pop
ARXK4YK1187FB4D0C4, dance and electronica
ARXNDB61187B9B2208, chinese
ARXNDB61187B9B2208, taiwanese
ARXPDRB1187B9AD0B1, classic pop and rock
ARXPE571187FB4AFD0, classic pop and rock
ARXPE571187FB4AFD0, folk
ARXPPEY1187FB51DF4, pop
ARXPPEY1187FB51DF4, american
ARXPPEY1187FB51DF4, rnb
ARXPPEY1187FB51DF4, rock
ARXPPEY1187FB51DF4, dance-pop
ARXPPEY1187FB51DF4, new jack swing
ARXPPEY1187FB51DF4, soul
ARXPPEY1187FB51DF4, disco
ARXPPEY1187FB51DF4, cool
ARXPPEY1187FB51DF4, classic pop and rock
ARXPPEY1187FB51DF4, michael-jackson
ARXPPEY1187FB51DF4, united states
ARXPPEY1187FB51DF4, singer
ARXPPEY1187FB51DF4, parolier
ARXPPEY1187FB51DF4, compositeur
ARXPPEY1187FB51DF4, chanteur
ARXPPEY1187FB51DF4, lyricist
ARXPPEY1187FB51DF4, composer
ARXPPEY1187FB51DF4, usa
ARXPPEY1187FB51DF4, contemporary rnb
ARXRK5A1187FB3EAC6, latin
ARXRK5A1187FB3EAC6, rock
ARXRK5A1187FB3EAC6, alternative rock
ARXSABJ1187FB3C336, alternative metal
ARXSABJ1187FB3C336, american
ARXSABJ1187FB3C336, metal
ARXSABJ1187FB3C336, experimental rock
ARXSABJ1187FB3C336, rock and indie
ARXSABJ1187FB3C336, alternative rock
ARXSABJ1187FB3C336, nu metal
ARXSABJ1187FB3C336, amÇricain
ARXSABJ1187FB3C336, usa
ARXSABJ1187FB3C336, new metal
ARXSABJ1187FB3C336, rock
ARXW2MN1187B9B8817, hip-hop
ARXW2MN1187B9B8817, turntablism
ARXWAQQ1187B9AE954, soul and reggae
ARXWAQQ1187B9AE954, new york
ARXWAQQ1187B9AE954, us
ARXWAQQ1187B9AE954, american
ARXWAQQ1187B9AE954, hip-hop
ARXWAQQ1187B9AE954, rap
ARXZAV31187FB3CE61, classical
ARY02GH1187B99B223, electronic
ARY02GH1187B99B223, canadian
ARY0XD81187FB5CF38, turkish
ARY1VGA1187FB5A39E, country
ARY1VGA1187FB5A39E, rock
ARY1VGA1187FB5A39E, canadian
ARY2ZUX1187B9A266C, san francisco
ARY2ZUX1187B9A266C, american
ARY2ZUX1187B9A266C, dance and electronica
ARY4M3J1187B9AC94C, american
ARY4M3J1187B9AC94C, folk
ARY53RR1187B9AE485, rock
ARY53RR1187B9AE485, pop and chart
ARY53RR1187B9AE485, canada
ARY53RR1187B9AE485, post-grunge
ARY53RR1187B9AE485, pop rock
ARY53RR1187B9AE485, alternative rock
ARY53RR1187B9AE485, punk
ARY5TFK1187B9BA2BD, american
ARY5TFK1187B9BA2BD, soundtrack
ARY5TFK1187B9BA2BD, easy listening soundtracks and musicals
ARY7DVZ1187FB58433, norwegian
ARY80281187FB3E380, uk
ARY80281187FB3E380, scottish
ARY80281187FB3E380, british
ARY80281187FB3E380, pop and chart
ARYB42B1187FB37B01, french
ARYB42B1187FB37B01, toulouse
ARYBGMF1187FB4D82C, classic pop and rock
ARYBUAO1187FB3F4EB, classic pop and rock
ARYCP7D1187B99516B, canadian
ARYCP7D1187B99516B, blues
ARYCQBH1187B9B1BE4, estonian
ARYECDK1187FB45587, new wave
ARYECDK1187FB45587, punk
ARYECDK1187FB45587, surrey
ARYECDK1187FB45587, guildford
ARYECDK1187FB45587, england
ARYECDK1187FB45587, post-punk
ARYECDK1187FB45587, rock
ARYECDK1187FB45587, punk rock
ARYECDK1187FB45587, british
ARYECDK1187FB45587, rock and roll
ARYECDK1187FB45587, uk
ARYECDK1187FB45587, classic pop and rock
ARYFAT91187B99FEF5, wales
ARYFAT91187B99FEF5, glam metal
ARYFAT91187B99FEF5, british
ARYFAT91187B99FEF5, metal
ARYFXQ21187FB4DAEF, world
ARYGXKQ11E2835CE3B, hip hop rnb and dance hall
ARYJSY01187B9B7C65, country
ARYJSY01187B9B7C65, folk
ARYJSY01187B9B7C65, american
ARYJSY01187B9B7C65, pop
ARYJSY01187B9B7C65, bluegrass
ARYML1P1187B9AF39B, post-punk
ARYML1P1187B9AF39B, american
ARYML1P1187B9AF39B, electronic
ARYML1P1187B9AF39B, art punk
ARYML1P1187B9AF39B, synthpop
ARYML1P1187B9AF39B, new wave
ARYML1P1187B9AF39B, classic pop and rock
ARYML1P1187B9AF39B, akron
ARYML1P1187B9AF39B, ohio
ARYML1P1187B9AF39B, punk
ARYML1P1187B9AF39B, usa
ARYN2M61187B995BD6, espa§ol
ARYN2M61187B995BD6, colombia
ARYO9BU1187B9ADA88, progressive rock
ARYO9BU1187B9ADA88, british
ARYO9BU1187B9ADA88, progressive metal
ARYO9BU1187B9ADA88, metal
ARYO9BU1187B9ADA88, uk
ARYO9BU1187B9ADA88, psychedelic rock
ARYO9BU1187B9ADA88, english
ARYO9BU1187B9ADA88, classic pop and rock
ARYO9BU1187B9ADA88, folk
ARYO9BU1187B9ADA88, new prog
ARYO9BU1187B9ADA88, rock
ARYOPH81187B98AEED, rock and indie
ARYQQY31187B9ABBE1, country-es
ARYR56R1187FB3DEEE, guitar
ARYRDLN12592CDBB85, british
ARYRDLN12592CDBB85, britannique
ARYRDLN12592CDBB85, indie pop
ARYRDLN12592CDBB85, uk
ARYS9L21187FB367E4, uk
ARYS9L21187FB367E4, 4ad
ARYS9L21187FB367E4, british
ARYS9L21187FB367E4, english
ARYV1OT1187B9B4C8E, country
ARYVGP31187B9A531A, roots rock
ARYVGP31187B9A531A, rock
ARYVGP31187B9A531A, american
ARYVGP31187B9A531A, pop
ARYVGP31187B9A531A, heartland rock
ARYVO9V1187B9B1FC6, scottish
ARYVO9V1187B9B1FC6, uk
ARYVO9V1187B9B1FC6, indie rock
ARYVO9V1187B9B1FC6, british
ARYVO9V1187B9B1FC6, art rock
ARYVO9V1187B9B1FC6, pop
ARYVO9V1187B9B1FC6, alternative dance
ARYVO9V1187B9B1FC6, rock and indie
ARYVO9V1187B9B1FC6, britannique
ARYVO9V1187B9B1FC6, post-punk revival
ARYVO9V1187B9B1FC6, rhapsody online
ARYVO9V1187B9B1FC6, post-punk
ARYVO9V1187B9B1FC6, rock
ARYWZLP1187FB4F7D3, italian
ARYWZLP1187FB4F7D3, classical
ARYWZLP1187FB4F7D3, opera
ARYWZLP1187FB4F7D3, european
ARYWZLP1187FB4F7D3, production music
ARYZFGE1187FB39A8C, punk
ARYZFGE1187FB39A8C, new york
ARYZFGE1187FB39A8C, usa
ARYZV2X1187B997BE7, production music
ARYZX981187B9A995B, quebec
ARZ02US1187FB430BD, trance
ARZ02US1187FB430BD, christian
ARZ1PTN1187B9967D9, country
ARZ1PTN1187B9967D9, western
ARZ1PTN1187B9967D9, american
ARZ4F9B1187FB3C979, massachusetts
ARZ4F9B1187FB3C979, american
ARZ4F9B1187FB3C979, amherst
ARZ8IPU1187FB38846, taiwanese
ARZ8IPU1187FB38846, mandarin
ARZ8IPU1187FB38846, chinese
ARZ8KO81187B9B1B7C, easy listening soundtracks and musicals
ARZ96PB1187B98F5C9, rock
ARZ96PB1187B98F5C9, christian
ARZAJ9C1187B9A21F4, pop
ARZBOES1187FB40178, carlos baute colgando en tus manos nada se compara a ti
ARZBYDY1187FB46DD7, franáais
ARZBYDY1187FB46DD7, french
ARZBYDY1187FB46DD7, france
ARZBYDY1187FB46DD7, pop
ARZBYDY1187FB46DD7, francophone
ARZBYDY1187FB46DD7, guitarist
ARZBYDY1187FB46DD7, parolier
ARZBYDY1187FB46DD7, guitariste
ARZBYDY1187FB46DD7, compositeur
ARZBYDY1187FB46DD7, composer
ARZBYDY1187FB46DD7, chanteur
ARZBYDY1187FB46DD7, lyricist
ARZBYDY1187FB46DD7, singer
ARZCNRW11F50C4A630, 60s
ARZCNRW11F50C4A630, 70s
ARZCNRW11F50C4A630, blues
ARZCNRW11F50C4A630, trio
ARZCNRW11F50C4A630, british
ARZCNRW11F50C4A630, english
ARZCNRW11F50C4A630, 80s
ARZCNRW11F50C4A630, classic pop and rock
ARZDQ3N1187FB5978B, post-rock
ARZDUML1187B9AD101, swedish
ARZEA421187FB5B5BA, los angeles
ARZEA421187FB5B5BA, american
ARZEBW31187FB586EA, production music
ARZH0R61187FB422AE, classic pop and rock
ARZH3SW1187B98C96E, hip hop rnb and dance hall
ARZH3SW1187B98C96E, hip hop
ARZJ4MI1187B9AF5AF, ska
ARZM53A1187B9A1AE7, electronic
ARZP2M21187FB59C63, latvian
ARZQ7QA1187B9AD08B, funk
ARZQ7QA1187B9AD08B, pop
ARZQ7QA1187B9AD08B, usa
ARZQ7QA1187B9AD08B, rock
ARZQ7QA1187B9AD08B, pop and chart
ARZQ7QA1187B9AD08B, punk
ARZQ7QA1187B9AD08B, minneapolis sound
ARZQ7QA1187B9AD08B, robin
ARZQ7QA1187B9AD08B, 70s
ARZQ7QA1187B9AD08B, 00s
ARZQ7QA1187B9AD08B, 90s
ARZQ7QA1187B9AD08B, 80s
ARZQ7QA1187B9AD08B, american
ARZQ7QA1187B9AD08B, amÇricain
ARZRCCP11F50C5165F, 60s
ARZRCCP11F50C5165F, mexico
ARZRCCP11F50C5165F, 50s
ARZRCCP11F50C5165F, latin
ARZRCCP11F50C5165F, bolero
ARZRR0M1187FB3EE0A, dance and electronica
ARZRR0M1187FB3EE0A, drum and bass
ARZS5VW1187FB567E8, uk
ARZS5VW1187FB567E8, electronic
ARZS5VW1187FB567E8, english
ARZS5VW1187FB567E8, british
ARZS5VW1187FB567E8, pop and chart
ARZTSYB1187FB54987, heavy metal
ARZTSYB1187FB54987, hard rock
ARZVEF91187B9AC770, american
ARZVEF91187B9AC770, avante garde
ARZVEF91187B9AC770, classical
ARZVEF91187B9AC770, oratorio
ARZVEF91187B9AC770, opera
ARZVEF91187B9AC770, soundtrack
ARZVEF91187B9AC770, brooklyn
ARZVEF91187B9AC770, musical
ARZVEF91187B9AC770, soundtrack composer
ARZVTZN1187FB579D4, classic pop and rock
ARZWK2R1187B98F09F, hardcore punk
ARZWK2R1187B98F09F, rock
ARZWK2R1187B98F09F, american
ARZWK2R1187B98F09F, punk rock
ARZWK2R1187B98F09F, melodic hardcore
ARZWK2R1187B98F09F, rock and indie
ARZWK2R1187B98F09F, punk
ARZWK2R1187B98F09F, usa
ARZWPWP1241B9CA793, american
ARZWPWP1241B9CA793, soundtrack composer
ARZWPWP1241B9CA793, soundtrack
ARZWPWP1241B9CA793, cleveland
ARZWPWP1241B9CA793, classic pop and rock
ARZWPWP1241B9CA793, the academy
ARZXYRK1187B99E432, jazz and blues
ARZYP6O1187B9892E7, hip hop rnb and dance hall



Selecione uma base de dados para fazer a consulta ou qualquer outro d«gito para sair.
0 - subset_track_metadata
1 - subset_artist_term
2 - subset_artist_similarity
